;TRANID;OBJVERS;RULEID;SEQNR;GROUPID;GROUPTYPE;FIELD_USAGE;RULETYPE;REF_RULE;AGGR;NO_CONV;AMDP;ABAP
;016SR3U9EM0A9PVO3TF5CFRI1WB5NAU2;A;    1; 0002;     01;T;;DIRECT;      0;MOV
;016SR3U9EM0A9PVO3TF5CFRI1WB5NAU2;A;    2; 0003;     02;S;;DIRECT;      0
;016SR3U9EM0A9PVO3TF5CFRI1WB5NAU2;A;    3; 0004;     02;S;;DIRECT;      0;MOV
;016SR3U9EM0A9PVO3TF5CFRI1WB5NAU2;A;    4; 0005;     02;S;;DIRECT;      0;MOV
;016SR3U9EM0A9PVO3TF5CFRI1WB5NAU2;A;    5; 0006;     02;S;;DIRECT;      0;MOV
;016SR3U9EM0A9PVO3TF5CFRI1WB5NAU2;A;    7; 0034;     02;S;;DIRECT;      0;MOV
;016SR3U9EM0A9PVO3TF5CFRI1WB5NAU2;A;    8; 0035;     02;S;;DIRECT;      0;MOV
;016SR3U9EM0A9PVO3TF5CFRI1WB5NAU2;A;   11; 0007;     02;S;;DIRECT;      0;MOV
;016SR3U9EM0A9PVO3TF5CFRI1WB5NAU2;A;   12; 0036;     02;S;;DIRECT;      0;MOV
;016SR3U9EM0A9PVO3TF5CFRI1WB5NAU2;A;   13; 0037;     02;S;;DIRECT;      0;MOV
;016SR3U9EM0A9PVO3TF5CFRI1WB5NAU2;A;   15; 0008;     02;S;;DIRECT;      0;MOV
;016SR3U9EM0A9PVO3TF5CFRI1WB5NAU2;A;   16; 0009;     02;S;;DIRECT;      0;MOV
;016SR3U9EM0A9PVO3TF5CFRI1WB5NAU2;A;   17; 0010;     02;S;;DIRECT;      0;MOV
;016SR3U9EM0A9PVO3TF5CFRI1WB5NAU2;A;   18; 0011;     02;S;;DIRECT;      0;MOV
;016SR3U9EM0A9PVO3TF5CFRI1WB5NAU2;A;   19; 0012;     02;S;;DIRECT;      0;MOV
;016SR3U9EM0A9PVO3TF5CFRI1WB5NAU2;A;   20; 0013;     02;S;;DIRECT;      0;MOV
;016SR3U9EM0A9PVO3TF5CFRI1WB5NAU2;A;   21; 0014;     02;S;;DIRECT;      0;MOV
;016SR3U9EM0A9PVO3TF5CFRI1WB5NAU2;A;   22; 0015;     02;S;;DIRECT;      0;MOV
;016SR3U9EM0A9PVO3TF5CFRI1WB5NAU2;A;   23; 0016;     02;S;;DIRECT;      0;MOV
;016SR3U9EM0A9PVO3TF5CFRI1WB5NAU2;A;   24; 0017;     02;S;;DIRECT;      0;MOV
;016SR3U9EM0A9PVO3TF5CFRI1WB5NAU2;A;   25; 0018;     02;S;;DIRECT;      0;MOV
;016SR3U9EM0A9PVO3TF5CFRI1WB5NAU2;A;   26; 0019;     02;S;;DIRECT;      0;MOV
;016SR3U9EM0A9PVO3TF5CFRI1WB5NAU2;A;   27; 0020;     02;S;;DIRECT;      0;MOV
;016SR3U9EM0A9PVO3TF5CFRI1WB5NAU2;A;   28; 0021;     02;S;;DIRECT;      0;MOV
;016SR3U9EM0A9PVO3TF5CFRI1WB5NAU2;A;   29; 0022;     02;S;;DIRECT;      0;MOV
;016SR3U9EM0A9PVO3TF5CFRI1WB5NAU2;A;   30; 0023;     02;S;;DIRECT;      0;MOV
;016SR3U9EM0A9PVO3TF5CFRI1WB5NAU2;A;   31; 0024;     02;S;;DIRECT;      0;MOV
;016SR3U9EM0A9PVO3TF5CFRI1WB5NAU2;A;   32; 0025;     02;S;;DIRECT;      0;MOV
;016SR3U9EM0A9PVO3TF5CFRI1WB5NAU2;A;   33; 0026;     02;S;;DIRECT;      0;MOV
;016SR3U9EM0A9PVO3TF5CFRI1WB5NAU2;A;   34; 0027;     02;S;;DIRECT;      0;MOV
;016SR3U9EM0A9PVO3TF5CFRI1WB5NAU2;A;   35; 0028;     02;S;;DIRECT;      0;MOV
;016SR3U9EM0A9PVO3TF5CFRI1WB5NAU2;A;   36; 0029;     02;S;;DIRECT;      0;MOV
;016SR3U9EM0A9PVO3TF5CFRI1WB5NAU2;A;   37; 0030;     02;S;;DIRECT;      0;MOV
;016SR3U9EM0A9PVO3TF5CFRI1WB5NAU2;A;   38; 0031;     02;S;;DIRECT;      0;MOV
;016SR3U9EM0A9PVO3TF5CFRI1WB5NAU2;A;   39; 0033;     02;S;;DIRECT;      0;MOV
;016SR3U9EM0A9PVO3TF5CFRI1WB5NAU2;A;   40; 0032;     02;S;;DIRECT;      0;MOV
;017MEDJ35RYKGGTFIU03IM5UAPISEYHA;A;    1; 0002;     01;T;;CONSTANT;      0;MOV
;017MEDJ35RYKGGTFIU03IM5UAPISEYHA;A;    2; 0003;     02;S;;DIRECT;      0
;017MEDJ35RYKGGTFIU03IM5UAPISEYHA;A;    3; 0004;     02;S;;DIRECT;      0
;017MEDJ35RYKGGTFIU03IM5UAPISEYHA;A;    4; 0005;     02;S;;DIRECT;      0;MOV
;017MEDJ35RYKGGTFIU03IM5UAPISEYHA;A;    5; 0006;     02;S;;DIRECT;      0;MOV
;017MEDJ35RYKGGTFIU03IM5UAPISEYHA;A;    6; 0013;     02;S;;DIRECT;      0;MOV
;017MEDJ35RYKGGTFIU03IM5UAPISEYHA;A;    7; 0014;     02;S;;DIRECT;      0;MOV
;017MEDJ35RYKGGTFIU03IM5UAPISEYHA;A;    8; 0007;     02;S;;DIRECT;      0;MOV
;017MEDJ35RYKGGTFIU03IM5UAPISEYHA;A;    9; 0008;     02;S;;DIRECT;      0;MOV
;017MEDJ35RYKGGTFIU03IM5UAPISEYHA;A;   10; 0021;     02;S;;DIRECT;      0;MOV
;017MEDJ35RYKGGTFIU03IM5UAPISEYHA;A;   11; 0023;     02;S;;DIRECT;      0;MOV
;017MEDJ35RYKGGTFIU03IM5UAPISEYHA;A;   12; 0043;     02;S;;DIRECT;      0;MOV
;017MEDJ35RYKGGTFIU03IM5UAPISEYHA;A;   13; 0044;     02;S;;DIRECT;      0;MOV
;017MEDJ35RYKGGTFIU03IM5UAPISEYHA;A;   14; 0045;     02;S;;DIRECT;      0;MOV
;017MEDJ35RYKGGTFIU03IM5UAPISEYHA;A;   15; 0046;     02;S;;DIRECT;      0;MOV
;017MEDJ35RYKGGTFIU03IM5UAPISEYHA;A;   16; 0001;     02;S;;TIME;      0;MOV
;017MEDJ35RYKGGTFIU03IM5UAPISEYHA;A;   17; 0047;     02;S;;DIRECT;      0;MOV
;017MEDJ35RYKGGTFIU03IM5UAPISEYHA;A;   18; 0048;     02;S;;DIRECT;      0;MOV
;017MEDJ35RYKGGTFIU03IM5UAPISEYHA;A;   19; 0009;     02;S;;DIRECT;      0;MOV
;017MEDJ35RYKGGTFIU03IM5UAPISEYHA;A;   20; 0010;     02;S;;DIRECT;      0;MOV
;017MEDJ35RYKGGTFIU03IM5UAPISEYHA;A;   21; 0022;     02;S;;DIRECT;      0;MOV
;017MEDJ35RYKGGTFIU03IM5UAPISEYHA;A;   22; 0030;     02;S;;DIRECT;      0;MOV
;017MEDJ35RYKGGTFIU03IM5UAPISEYHA;A;   23; 0031;     02;S;;DIRECT;      0;MOV
;017MEDJ35RYKGGTFIU03IM5UAPISEYHA;A;   24; 0032;     02;S;;DIRECT;      0;MOV
;017MEDJ35RYKGGTFIU03IM5UAPISEYHA;A;   25; 0011;     02;S;;DIRECT;      0;MOV
;017MEDJ35RYKGGTFIU03IM5UAPISEYHA;A;   26; 0024;     02;S;;DIRECT;      0;MOV
;017MEDJ35RYKGGTFIU03IM5UAPISEYHA;A;   27; 0025;     02;S;;DIRECT;      0;MOV
;017MEDJ35RYKGGTFIU03IM5UAPISEYHA;A;   28; 0026;     02;S;;DIRECT;      0;MOV
;017MEDJ35RYKGGTFIU03IM5UAPISEYHA;A;   29; 0034;     02;S;;DIRECT;      0;MOV
;017MEDJ35RYKGGTFIU03IM5UAPISEYHA;A;   30; 0049;     02;S;;DIRECT;      0;MOV
;017MEDJ35RYKGGTFIU03IM5UAPISEYHA;A;   31; 0012;     02;S;;DIRECT;      0;MOV
;017MEDJ35RYKGGTFIU03IM5UAPISEYHA;A;   32; 0050;     02;S;;DIRECT;      0;MOV
;017MEDJ35RYKGGTFIU03IM5UAPISEYHA;A;   33; 0033;     02;S;;DIRECT;      0;MOV
;017MEDJ35RYKGGTFIU03IM5UAPISEYHA;A;   34; 0051;     02;S;;DIRECT;      0;MOV
;017MEDJ35RYKGGTFIU03IM5UAPISEYHA;A;   35; 0052;     02;S;;DIRECT;      0;MOV
;017MEDJ35RYKGGTFIU03IM5UAPISEYHA;A;   36; 0027;     02;S;;DIRECT;      0;MOV
;017MEDJ35RYKGGTFIU03IM5UAPISEYHA;A;   37; 0028;     02;S;;DIRECT;      0;MOV
;017MEDJ35RYKGGTFIU03IM5UAPISEYHA;A;   38; 0053;     02;S;;DIRECT;      0;MOV
;017MEDJ35RYKGGTFIU03IM5UAPISEYHA;A;   39; 0029;     02;S;;DIRECT;      0;MOV
;017MEDJ35RYKGGTFIU03IM5UAPISEYHA;A;   40; 0056;     02;S;;DIRECT;      0;MOV
;017MEDJ35RYKGGTFIU03IM5UAPISEYHA;A;   41; 0057;     02;S;;DIRECT;      0;MOV
;017MEDJ35RYKGGTFIU03IM5UAPISEYHA;A;   42; 0058;     02;S;;DIRECT;      0;MOV
;017MEDJ35RYKGGTFIU03IM5UAPISEYHA;A;   43; 0054;     02;S;;DIRECT;      0;MOV
;017MEDJ35RYKGGTFIU03IM5UAPISEYHA;A;   44; 0055;     02;S;;DIRECT;      0;MOV
;017MEDJ35RYKGGTFIU03IM5UAPISEYHA;A;   45; 0059;     02;S;;DIRECT;      0;MOV
;017MEDJ35RYKGGTFIU03IM5UAPISEYHA;A;   46; 0060;     02;S;;DIRECT;      0;MOV
;017MEDJ35RYKGGTFIU03IM5UAPISEYHA;A;   47; 0061;     02;S;;DIRECT;      0;MOV
;017MEDJ35RYKGGTFIU03IM5UAPISEYHA;A;   48; 0062;     02;S;;DIRECT;      0;MOV
;017MEDJ35RYKGGTFIU03IM5UAPISEYHA;A;   49; 0063;     02;S;;DIRECT;      0;MOV
;017MEDJ35RYKGGTFIU03IM5UAPISEYHA;A;   50; 0035;     02;S;;DIRECT;      0;MOV
;017MEDJ35RYKGGTFIU03IM5UAPISEYHA;A;   51; 0036;     02;S;;DIRECT;      0;MOV
;017MEDJ35RYKGGTFIU03IM5UAPISEYHA;A;   52; 0037;     02;S;;DIRECT;      0;MOV
;017MEDJ35RYKGGTFIU03IM5UAPISEYHA;A;   53; 0038;     02;S;;DIRECT;      0;MOV
;017MEDJ35RYKGGTFIU03IM5UAPISEYHA;A;   54; 0039;     02;S;;DIRECT;      0;MOV
;017MEDJ35RYKGGTFIU03IM5UAPISEYHA;A;   55; 0015;     02;S;;DIRECT;      0;MOV
;017MEDJ35RYKGGTFIU03IM5UAPISEYHA;A;   56; 0016;     02;S;;DIRECT;      0;MOV
;017MEDJ35RYKGGTFIU03IM5UAPISEYHA;A;   57; 0017;     02;S;;DIRECT;      0;MOV
;017MEDJ35RYKGGTFIU03IM5UAPISEYHA;A;   58; 0018;     02;S;;DIRECT;      0;MOV
;017MEDJ35RYKGGTFIU03IM5UAPISEYHA;A;   59; 0019;     02;S;;DIRECT;      0;MOV
;017MEDJ35RYKGGTFIU03IM5UAPISEYHA;A;   60; 0020;     02;S;;DIRECT;      0;MOV
;017MEDJ35RYKGGTFIU03IM5UAPISEYHA;A;   61; 0040;     02;S;;DIRECT;      0;MOV
;017MEDJ35RYKGGTFIU03IM5UAPISEYHA;A;   62; 0041;     02;S;;DIRECT;      0;MOV
;017MEDJ35RYKGGTFIU03IM5UAPISEYHA;A;   63; 0042;     02;S;;DIRECT;      0;MOV
;017MEDJ35RYKGGTFIU03IM5UAPISEYHA;A;   64; 0064;     02;S;;DIRECT;      0;MOV
;017MEDJ35RYKGGTFIU03IM5UAPISEYHA;A;   65; 0065;     02;S;;DIRECT;      0;MOV
;017MEDJ35RYKGGTFIU03IM5UAPISEYHA;A;   66; 0066;     02;S;;DIRECT;      0;MOV
;017MEDJ35RYKGGTFIU03IM5UAPISEYHA;A;   67; 0067;     02;S;;DIRECT;      0;MOV
;017MEDJ35RYKGGTFIU03IM5UAPISEYHA;A;   68; 0068;     02;S;;DIRECT;      0;MOV
;017MEDJ35RYKGGTFIU03IM5UAPISEYHA;A;   69; 0069;     02;S;;DIRECT;      0;MOV
;017MEDJ35RYKGGTFIU03IM5UAPISEYHA;A;   70; 0070;     02;S;;DIRECT;      0;MOV
;017MEDJ35RYKGGTFIU03IM5UAPISEYHA;A;   71; 0071;     02;S;;DIRECT;      0;MOV
;017MEDJ35RYKGGTFIU03IM5UAPISEYHA;A;   72; 0072;     02;S;;DIRECT;      0;MOV
;017MEDJ35RYKGGTFIU03IM5UAPISEYHA;A;   73; 0073;     02;S;;DIRECT;      0;MOV
;02PVPRV4O8FF7OCSM6AJSMW88C5WE6WP;A;    1; 0002;     01;T;;DIRECT;      0;MOV
;02PVPRV4O8FF7OCSM6AJSMW88C5WE6WP;A;    2; 0003;     02;S;;DIRECT;      0
;02PVPRV4O8FF7OCSM6AJSMW88C5WE6WP;A;    3; 0004;     02;S;;DIRECT;      0
;02PVPRV4O8FF7OCSM6AJSMW88C5WE6WP;A;    4; 0083;     02;S;;DIRECT;      0;MOV
;02PVPRV4O8FF7OCSM6AJSMW88C5WE6WP;A;    5; 0084;     02;S;;DIRECT;      0;MOV
;02PVPRV4O8FF7OCSM6AJSMW88C5WE6WP;A;    6; 0011;     02;S;;DIRECT;      0;MOV
;02PVPRV4O8FF7OCSM6AJSMW88C5WE6WP;A;    7; 0012;     02;S;;DIRECT;      0;MOV
;02PVPRV4O8FF7OCSM6AJSMW88C5WE6WP;A;    8; 0009;     02;S;;DIRECT;      0;MOV
;02PVPRV4O8FF7OCSM6AJSMW88C5WE6WP;A;    9; 0088;     02;S;;DIRECT;      0;MOV
;02PVPRV4O8FF7OCSM6AJSMW88C5WE6WP;A;   10; 0080;     02;S;;DIRECT;      0;MOV
;02PVPRV4O8FF7OCSM6AJSMW88C5WE6WP;A;   11; 0010;     02;S;;DIRECT;      0;MOV
;02PVPRV4O8FF7OCSM6AJSMW88C5WE6WP;A;   12; 0013;     02;S;;DIRECT;      0;MOV
;02PVPRV4O8FF7OCSM6AJSMW88C5WE6WP;A;   13; 0090;     02;S;;DIRECT;      0;MOV
;02PVPRV4O8FF7OCSM6AJSMW88C5WE6WP;A;   14; 0091;     02;S;;DIRECT;      0;MOV
;02PVPRV4O8FF7OCSM6AJSMW88C5WE6WP;A;   15; 0092;     02;S;;DIRECT;      0;MOV
;02PVPRV4O8FF7OCSM6AJSMW88C5WE6WP;A;   16; 0026;     02;S;;DIRECT;      0;MOV
;02PVPRV4O8FF7OCSM6AJSMW88C5WE6WP;A;   18; 0093;     02;S;;DIRECT;      0;MOV
;02PVPRV4O8FF7OCSM6AJSMW88C5WE6WP;A;   19; 0072;     02;S;;DIRECT;      0;MOV
;02PVPRV4O8FF7OCSM6AJSMW88C5WE6WP;A;   20; 0027;     02;S;;DIRECT;      0;MOV
;02PVPRV4O8FF7OCSM6AJSMW88C5WE6WP;A;   21; 0028;     02;S;;DIRECT;      0;MOV
;02PVPRV4O8FF7OCSM6AJSMW88C5WE6WP;A;   23; 0029;     02;S;;DIRECT;      0;MOV
;02PVPRV4O8FF7OCSM6AJSMW88C5WE6WP;A;   24; 0030;     02;S;;DIRECT;      0;MOV
;02PVPRV4O8FF7OCSM6AJSMW88C5WE6WP;A;   25; 0031;     02;S;;DIRECT;      0;MOV
;02PVPRV4O8FF7OCSM6AJSMW88C5WE6WP;A;   26; 0082;     02;S;;DIRECT;      0;MOV
;02PVPRV4O8FF7OCSM6AJSMW88C5WE6WP;A;   27; 0005;     02;S;;DIRECT;      0;MOV
;02PVPRV4O8FF7OCSM6AJSMW88C5WE6WP;A;   28; 0006;     02;S;;DIRECT;      0;MOV
;02PVPRV4O8FF7OCSM6AJSMW88C5WE6WP;A;   29; 0089;     02;S;;DIRECT;      0;MOV
;02PVPRV4O8FF7OCSM6AJSMW88C5WE6WP;A;   30; 0023;     02;S;;DIRECT;      0;MOV
;02PVPRV4O8FF7OCSM6AJSMW88C5WE6WP;A;   32; 0024;     02;S;;DIRECT;      0;MOV
;02PVPRV4O8FF7OCSM6AJSMW88C5WE6WP;A;   33; 0025;     02;S;;DIRECT;      0;MOV
;02PVPRV4O8FF7OCSM6AJSMW88C5WE6WP;A;   34; 0034;     02;S;;DIRECT;      0;MOV
;02PVPRV4O8FF7OCSM6AJSMW88C5WE6WP;A;   35; 0035;     02;S;;DIRECT;      0;MOV
;02PVPRV4O8FF7OCSM6AJSMW88C5WE6WP;A;   36; 0036;     02;S;;DIRECT;      0;MOV
;02PVPRV4O8FF7OCSM6AJSMW88C5WE6WP;A;   38; 0037;     02;S;;DIRECT;      0;MOV
;02PVPRV4O8FF7OCSM6AJSMW88C5WE6WP;A;   40; 0094;     02;S;;DIRECT;      0;MOV
;02PVPRV4O8FF7OCSM6AJSMW88C5WE6WP;A;   41; 0069;     02;S;;DIRECT;      0;MOV
;02PVPRV4O8FF7OCSM6AJSMW88C5WE6WP;A;   42; 0038;     02;S;;DIRECT;      0;MOV
;02PVPRV4O8FF7OCSM6AJSMW88C5WE6WP;A;   43; 0039;     02;S;;DIRECT;      0;MOV
;02PVPRV4O8FF7OCSM6AJSMW88C5WE6WP;A;   45; 0040;     02;S;;DIRECT;      0;MOV
;02PVPRV4O8FF7OCSM6AJSMW88C5WE6WP;A;   47; 0095;     02;S;;DIRECT;      0;MOV
;02PVPRV4O8FF7OCSM6AJSMW88C5WE6WP;A;   49; 0041;     02;S;;DIRECT;      0;MOV
;02PVPRV4O8FF7OCSM6AJSMW88C5WE6WP;A;   50; 0066;     02;S;;DIRECT;      0;MOV
;02PVPRV4O8FF7OCSM6AJSMW88C5WE6WP;A;   52; 0073;     02;S;;DIRECT;      0;MOV
;02PVPRV4O8FF7OCSM6AJSMW88C5WE6WP;A;   53; 0014;     02;S;;DIRECT;      0;MOV
;02PVPRV4O8FF7OCSM6AJSMW88C5WE6WP;A;   54; 0070;     02;S;;DIRECT;      0;MOV
;02PVPRV4O8FF7OCSM6AJSMW88C5WE6WP;A;   55; 0081;     02;S;;DIRECT;      0;MOV
;02PVPRV4O8FF7OCSM6AJSMW88C5WE6WP;A;   56; 0067;     02;S;;DIRECT;      0;MOV
;02PVPRV4O8FF7OCSM6AJSMW88C5WE6WP;A;   57; 0096;     02;S;;DIRECT;      0;MOV
;02PVPRV4O8FF7OCSM6AJSMW88C5WE6WP;A;   58; 0097;     02;S;;DIRECT;      0;MOV
;02PVPRV4O8FF7OCSM6AJSMW88C5WE6WP;A;   60; 0042;     02;S;;DIRECT;      0;MOV
;02PVPRV4O8FF7OCSM6AJSMW88C5WE6WP;A;   61; 0043;     02;S;;DIRECT;      0;MOV
;02PVPRV4O8FF7OCSM6AJSMW88C5WE6WP;A;   63; 0044;     02;S;;DIRECT;      0;MOV
;02PVPRV4O8FF7OCSM6AJSMW88C5WE6WP;A;   64; 0045;     02;S;;DIRECT;      0;MOV
;02PVPRV4O8FF7OCSM6AJSMW88C5WE6WP;A;   65; 0046;     02;S;;DIRECT;      0;MOV
;02PVPRV4O8FF7OCSM6AJSMW88C5WE6WP;A;   66; 0071;     02;S;;DIRECT;      0;MOV
;02PVPRV4O8FF7OCSM6AJSMW88C5WE6WP;A;   67; 0047;     02;S;;DIRECT;      0;MOV
;02PVPRV4O8FF7OCSM6AJSMW88C5WE6WP;A;   68; 0048;     02;S;;DIRECT;      0;MOV
;02PVPRV4O8FF7OCSM6AJSMW88C5WE6WP;A;   69; 0049;     02;S;;DIRECT;      0;MOV
;02PVPRV4O8FF7OCSM6AJSMW88C5WE6WP;A;   70; 0108;     02;S;;DIRECT;      0;MOV
;02PVPRV4O8FF7OCSM6AJSMW88C5WE6WP;A;   71; 0050;     02;S;;DIRECT;      0;MOV
;02PVPRV4O8FF7OCSM6AJSMW88C5WE6WP;A;   72; 0051;     02;S;;DIRECT;      0;MOV
;02PVPRV4O8FF7OCSM6AJSMW88C5WE6WP;A;   73; 0052;     02;S;;DIRECT;      0;MOV
;02PVPRV4O8FF7OCSM6AJSMW88C5WE6WP;A;   74; 0053;     02;S;;DIRECT;      0;MOV
;02PVPRV4O8FF7OCSM6AJSMW88C5WE6WP;A;   75; 0054;     02;S;;DIRECT;      0;MOV
;02PVPRV4O8FF7OCSM6AJSMW88C5WE6WP;A;   76; 0109;     02;S;;DIRECT;      0;MOV
;02PVPRV4O8FF7OCSM6AJSMW88C5WE6WP;A;   77; 0098;     02;S;;DIRECT;      0;MOV
;02PVPRV4O8FF7OCSM6AJSMW88C5WE6WP;A;   78; 0099;     02;S;;DIRECT;      0;MOV
;02PVPRV4O8FF7OCSM6AJSMW88C5WE6WP;A;   79; 0055;     02;S;;DIRECT;      0;MOV
;02PVPRV4O8FF7OCSM6AJSMW88C5WE6WP;A;   80; 0056;     02;S;;DIRECT;      0;MOV
;02PVPRV4O8FF7OCSM6AJSMW88C5WE6WP;A;   81; 0057;     02;S;;DIRECT;      0;MOV
;02PVPRV4O8FF7OCSM6AJSMW88C5WE6WP;A;   82; 0058;     02;S;;DIRECT;      0;MOV
;02PVPRV4O8FF7OCSM6AJSMW88C5WE6WP;A;   83; 0059;     02;S;;DIRECT;      0;MOV
;02PVPRV4O8FF7OCSM6AJSMW88C5WE6WP;A;   84; 0060;     02;S;;DIRECT;      0;MOV
;02PVPRV4O8FF7OCSM6AJSMW88C5WE6WP;A;   85; 0015;     02;S;;DIRECT;      0;MOV
;02PVPRV4O8FF7OCSM6AJSMW88C5WE6WP;A;   86; 0016;     02;S;;DIRECT;      0;MOV
;02PVPRV4O8FF7OCSM6AJSMW88C5WE6WP;A;   87; 0017;     02;S;;DIRECT;      0;MOV
;02PVPRV4O8FF7OCSM6AJSMW88C5WE6WP;A;   88; 0079;     02;S;;DIRECT;      0;MOV
;02PVPRV4O8FF7OCSM6AJSMW88C5WE6WP;A;   89; 0061;     02;S;;DIRECT;      0;MOV
;02PVPRV4O8FF7OCSM6AJSMW88C5WE6WP;A;   90; 0018;     02;S;;DIRECT;      0;MOV
;02PVPRV4O8FF7OCSM6AJSMW88C5WE6WP;A;   91; 0019;     02;S;;DIRECT;      0;MOV
;02PVPRV4O8FF7OCSM6AJSMW88C5WE6WP;A;   92; 0020;     02;S;;DIRECT;      0;MOV
;02PVPRV4O8FF7OCSM6AJSMW88C5WE6WP;A;   93; 0021;     02;S;;DIRECT;      0;MOV
;02PVPRV4O8FF7OCSM6AJSMW88C5WE6WP;A;   94; 0022;     02;S;;DIRECT;      0;MOV
;02PVPRV4O8FF7OCSM6AJSMW88C5WE6WP;A;   95; 0062;     02;S;;DIRECT;      0;MOV
;02PVPRV4O8FF7OCSM6AJSMW88C5WE6WP;A;   96; 0114;     02;S;;DIRECT;      0;MOV
;02PVPRV4O8FF7OCSM6AJSMW88C5WE6WP;A;   97; 0107;     02;S;;DIRECT;      0;MOV
;02PVPRV4O8FF7OCSM6AJSMW88C5WE6WP;A;   98; 0063;     02;S;;DIRECT;      0;MOV
;02PVPRV4O8FF7OCSM6AJSMW88C5WE6WP;A;   99; 0100;     02;S;;DIRECT;      0;MOV
;02PVPRV4O8FF7OCSM6AJSMW88C5WE6WP;A;  100; 0064;     02;S;;DIRECT;      0;MOV
;02PVPRV4O8FF7OCSM6AJSMW88C5WE6WP;A;  101; 0065;     02;S;;DIRECT;      0;MOV
;02PVPRV4O8FF7OCSM6AJSMW88C5WE6WP;A;  102; 0074;     02;S;;DIRECT;      0;MOV
;02PVPRV4O8FF7OCSM6AJSMW88C5WE6WP;A;  103; 0075;     02;S;;DIRECT;      0;MOV
;02PVPRV4O8FF7OCSM6AJSMW88C5WE6WP;A;  104; 0076;     02;S;;DIRECT;      0;MOV
;02PVPRV4O8FF7OCSM6AJSMW88C5WE6WP;A;  105; 0101;     02;S;;DIRECT;      0;MOV
;02PVPRV4O8FF7OCSM6AJSMW88C5WE6WP;A;  106; 0102;     02;S;;DIRECT;      0;MOV
;02PVPRV4O8FF7OCSM6AJSMW88C5WE6WP;A;  107; 0103;     02;S;;DIRECT;      0;MOV
;02PVPRV4O8FF7OCSM6AJSMW88C5WE6WP;A;  108; 0032;     02;S;;DIRECT;      0;MOV
;02PVPRV4O8FF7OCSM6AJSMW88C5WE6WP;A;  109; 0085;     02;S;;DIRECT;      0;MOV
;02PVPRV4O8FF7OCSM6AJSMW88C5WE6WP;A;  110; 0105;     02;S;;DIRECT;      0;MOV
;02PVPRV4O8FF7OCSM6AJSMW88C5WE6WP;A;  111; 0106;     02;S;;DIRECT;      0;MOV
;02PVPRV4O8FF7OCSM6AJSMW88C5WE6WP;A;  112; 0104;     02;S;;DIRECT;      0;MOV
;02PVPRV4O8FF7OCSM6AJSMW88C5WE6WP;A;  113; 0068;     02;S;;DIRECT;      0;MOV
;02PVPRV4O8FF7OCSM6AJSMW88C5WE6WP;A;  114; 0077;     02;S;;DIRECT;      0;MOV
;02PVPRV4O8FF7OCSM6AJSMW88C5WE6WP;A;  115; 0078;     02;S;;DIRECT;      0;MOV
;02PVPRV4O8FF7OCSM6AJSMW88C5WE6WP;A;  116; 0086;     02;S;;DIRECT;      0;MOV
;02PVPRV4O8FF7OCSM6AJSMW88C5WE6WP;A;  117; 0033;     02;S;;DIRECT;      0;MOV
;02PVPRV4O8FF7OCSM6AJSMW88C5WE6WP;A;  118; 0087;     02;S;;DIRECT;      0;MOV
;02PVPRV4O8FF7OCSM6AJSMW88C5WE6WP;A;  119; 0007;     02;S;;DIRECT;      0;MOV
;02PVPRV4O8FF7OCSM6AJSMW88C5WE6WP;A;  120; 0008;     02;S;;DIRECT;      0;MOV
;02PVPRV4O8FF7OCSM6AJSMW88C5WE6WP;A;  121; 0115;     02;S;;DIRECT;      0;MOV
;02PVPRV4O8FF7OCSM6AJSMW88C5WE6WP;A;  122; 0110;     02;S;;DIRECT;      0;MOV
;02PVPRV4O8FF7OCSM6AJSMW88C5WE6WP;A;  123; 0111;     02;S;;DIRECT;      0;MOV
;02PVPRV4O8FF7OCSM6AJSMW88C5WE6WP;A;  124; 0112;     02;S;;DIRECT;      0;MOV
;02PVPRV4O8FF7OCSM6AJSMW88C5WE6WP;A;  125; 0113;     02;S;;DIRECT;      0;MOV
;02PVPRV4O8FF7OCSM6AJSMW88C5WE6WP;A;  126; 0116;     02;S;;DIRECT;      0;MOV
;02PVPRV4O8FF7OCSM6AJSMW88C5WE6WP;A;  127; 0117;     02;S;;DIRECT;      0;MOV
;02PVPRV4O8FF7OCSM6AJSMW88C5WE6WP;A;  128; 0118;     02;S;;DIRECT;      0;MOV
;02PVPRV4O8FF7OCSM6AJSMW88C5WE6WP;A;  129; 0119;     02;S;;DIRECT;      0;MOV
;02PVPRV4O8FF7OCSM6AJSMW88C5WE6WP;A;  130; 0120;     02;S;;DIRECT;      0;MOV
;02PVPRV4O8FF7OCSM6AJSMW88C5WE6WP;A;  131; 0121;     02;S;;DIRECT;      0;MOV
;02PVPRV4O8FF7OCSM6AJSMW88C5WE6WP;A;  132; 0122;     02;S;;DIRECT;      0;MOV
;02PVPRV4O8FF7OCSM6AJSMW88C5WE6WP;A;  133; 0123;     02;S;;DIRECT;      0;MOV
;02PVPRV4O8FF7OCSM6AJSMW88C5WE6WP;A;  134; 0124;     02;S;;DIRECT;      0;MOV
;02PVPRV4O8FF7OCSM6AJSMW88C5WE6WP;A;  135; 0125;     02;S;;DIRECT;      0;MOV
;02PVPRV4O8FF7OCSM6AJSMW88C5WE6WP;A;  136; 0126;     02;S;;DIRECT;      0;MOV
;02PVPRV4O8FF7OCSM6AJSMW88C5WE6WP;A;  137; 0127;     02;S;;DIRECT;      0;MOV
;02PVPRV4O8FF7OCSM6AJSMW88C5WE6WP;A;  138; 0128;     02;S;;DIRECT;      0;MOV
;02PVPRV4O8FF7OCSM6AJSMW88C5WE6WP;A;  139; 0129;     02;S;;DIRECT;      0;MOV
;02PVPRV4O8FF7OCSM6AJSMW88C5WE6WP;A;  140; 0130;     02;S;;DIRECT;      0;MOV
;02PVPRV4O8FF7OCSM6AJSMW88C5WE6WP;A;  141; 0131;     02;S;;DIRECT;      0;MOV
;02PVPRV4O8FF7OCSM6AJSMW88C5WE6WP;A;  142; 0132;     02;S;;DIRECT;      0;MOV
;02PVPRV4O8FF7OCSM6AJSMW88C5WE6WP;A;  143; 0133;     02;S;;DIRECT;      0;MOV
;02PVPRV4O8FF7OCSM6AJSMW88C5WE6WP;A;  144; 0134;     02;S;;DIRECT;      0;MOV
;02PVPRV4O8FF7OCSM6AJSMW88C5WE6WP;A;  145; 0135;     02;S;;DIRECT;      0;MOV
;02PVPRV4O8FF7OCSM6AJSMW88C5WE6WP;A;  146; 0136;     02;S;;DIRECT;      0;MOV
;02PVPRV4O8FF7OCSM6AJSMW88C5WE6WP;A;  147; 0137;     02;S;;DIRECT;      0;MOV
;02PVPRV4O8FF7OCSM6AJSMW88C5WE6WP;A;  148; 0138;     02;S;;DIRECT;      0;MOV
;02PVPRV4O8FF7OCSM6AJSMW88C5WE6WP;A;  151; 0139;     02;S;;DIRECT;      0;MOV
;02PVPRV4O8FF7OCSM6AJSMW88C5WE6WP;A;  152; 0153;     02;S;;DIRECT;      0;MOV
;02PVPRV4O8FF7OCSM6AJSMW88C5WE6WP;A;  153; 0154;     02;S;;DIRECT;      0;MOV
;0MFIYPLCRITTE5NB4WCWXQZSR89GFY5G;A;    1; 0002;     01;T;;CONSTANT;      0;MOV
;0MFIYPLCRITTE5NB4WCWXQZSR89GFY5G;A;    2; 0010;     02;S;;DIRECT;      0
;0MFIYPLCRITTE5NB4WCWXQZSR89GFY5G;A;    3; 0011;     02;S;;DIRECT;      0
;0MFIYPLCRITTE5NB4WCWXQZSR89GFY5G;A;    4; 0003;     02;S;;DIRECT;      0;MOV
;0MFIYPLCRITTE5NB4WCWXQZSR89GFY5G;A;    5; 0004;     02;S;;DIRECT;      0;MOV
;0MFIYPLCRITTE5NB4WCWXQZSR89GFY5G;A;    6; 0005;     02;S;;DIRECT;      0;MOV
;0MFIYPLCRITTE5NB4WCWXQZSR89GFY5G;A;    7; 0006;     02;S;;DIRECT;      0;MOV
;0MFIYPLCRITTE5NB4WCWXQZSR89GFY5G;A;    8; 0007;     02;S;;DIRECT;      0;MOV
;0MFIYPLCRITTE5NB4WCWXQZSR89GFY5G;A;    9; 0008;     02;S;;DIRECT;      0;MOV
;0MFIYPLCRITTE5NB4WCWXQZSR89GFY5G;A;   10; 0009;     02;S;;DIRECT;      0;MOV
;0MFIYPLCRITTE5NB4WCWXQZSR89GFY5G;A;   11; 0012;     02;S;;DIRECT;      0;MOV
;0MFIYPLCRITTE5NB4WCWXQZSR89GFY5G;A;   12; 0013;     02;S;;ROUTINE;      0;MOV
;0MFIYPLCRITTE5NB4WCWXQZSR89GFY5G;A;   13; 0014;     02;S;;ROUTINE;      0;MOV
;0MFIYPLCRITTE5NB4WCWXQZSR89GFY5G;A;   14; 0015;     02;S;;DIRECT;      0;MOV
;0OJUZ6DFRT7D49DRTBOF4KVKVVSFXU8P;A;    1; 0002;     01;S;;DIRECT;      0;MOV
;0OJUZ6DFRT7D49DRTBOF4KVKVVSFXU8P;A;    2; 0003;     01;S;;DIRECT;      0;MOV
;0OJUZ6DFRT7D49DRTBOF4KVKVVSFXU8P;A;    3; 0004;     01;S;;DIRECT;      0;MOV
;0OJUZ6DFRT7D49DRTBOF4KVKVVSFXU8P;A;    4; 0005;     01;S;;DIRECT;      0;MOV
;0OJUZ6DFRT7D49DRTBOF4KVKVVSFXU8P;A;    5; 0006;     01;S;;DIRECT;      0;MOV
;0OJUZ6DFRT7D49DRTBOF4KVKVVSFXU8P;A;    6; 0007;     01;S;;DIRECT;      0;MOV
;0OJUZ6DFRT7D49DRTBOF4KVKVVSFXU8P;A;    7; 0008;     01;S;;DIRECT;      0;MOV
;0OJUZ6DFRT7D49DRTBOF4KVKVVSFXU8P;A;    8; 0009;     01;S;;DIRECT;      0;MOV
;0OJUZ6DFRT7D49DRTBOF4KVKVVSFXU8P;A;    9; 0010;     01;S;;DIRECT;      0;MOV
;0OJUZ6DFRT7D49DRTBOF4KVKVVSFXU8P;A;   10; 0011;     01;S;;DIRECT;      0;MOV
;0OJUZ6DFRT7D49DRTBOF4KVKVVSFXU8P;A;   11; 0012;     01;S;;DIRECT;      0;MOV
;0OJUZ6DFRT7D49DRTBOF4KVKVVSFXU8P;A;   12; 0013;     01;S;;DIRECT;      0;MOV
;0OJUZ6DFRT7D49DRTBOF4KVKVVSFXU8P;A;   13; 0026;     02;T;;DIRECT;      0;MOV
;0OJUZ6DFRT7D49DRTBOF4KVKVVSFXU8P;A;   14; 0018;     01;S;;DIRECT;      0
;0OJUZ6DFRT7D49DRTBOF4KVKVVSFXU8P;A;   15; 0019;     01;S;;DIRECT;      0
;0OJUZ6DFRT7D49DRTBOF4KVKVVSFXU8P;A;   16; 0014;     01;S;;DIRECT;      0
;0OJUZ6DFRT7D49DRTBOF4KVKVVSFXU8P;A;   17; 0015;     01;S;;DIRECT;      0;MOV
;0OJUZ6DFRT7D49DRTBOF4KVKVVSFXU8P;A;   18; 0016;     01;S;;DIRECT;      0;MOV
;0OJUZ6DFRT7D49DRTBOF4KVKVVSFXU8P;A;   19; 0017;     01;S;;DIRECT;      0;MOV
;0OJUZ6DFRT7D49DRTBOF4KVKVVSFXU8P;A;   20; 0020;     01;S;;DIRECT;      0;MOV
;0OJUZ6DFRT7D49DRTBOF4KVKVVSFXU8P;A;   21; 0021;     01;S;;DIRECT;      0;MOV
;0OJUZ6DFRT7D49DRTBOF4KVKVVSFXU8P;A;   22; 0022;     01;S;;DIRECT;      0;MOV
;0OJUZ6DFRT7D49DRTBOF4KVKVVSFXU8P;A;   23; 0023;     01;S;;DIRECT;      0;MOV
;0OJUZ6DFRT7D49DRTBOF4KVKVVSFXU8P;A;   24; 0024;     01;S;;DIRECT;      0;MOV
;0OJUZ6DFRT7D49DRTBOF4KVKVVSFXU8P;A;   25; 0025;     01;S;;DIRECT;      0;MOV
;0QO94AN0HRWMLE3F1QUHYVTJ8IODHMNU;A;    1; 0003;     01;S;;DIRECT;      0;MOV
;0QO94AN0HRWMLE3F1QUHYVTJ8IODHMNU;A;    2; 0004;     01;S;;DIRECT;      0;MOV
;0QO94AN0HRWMLE3F1QUHYVTJ8IODHMNU;A;    3; 0005;     01;S;;DIRECT;      0;MOV
;0QO94AN0HRWMLE3F1QUHYVTJ8IODHMNU;A;    4; 0006;     01;S;;DIRECT;      0;MOV
;0QO94AN0HRWMLE3F1QUHYVTJ8IODHMNU;A;    5; 0007;     01;S;;DIRECT;      0;MOV
;0QO94AN0HRWMLE3F1QUHYVTJ8IODHMNU;A;    6; 0008;     01;S;;DIRECT;      0;MOV
;0QO94AN0HRWMLE3F1QUHYVTJ8IODHMNU;A;    7; 0009;     01;S;;DIRECT;      0;MOV
;0QO94AN0HRWMLE3F1QUHYVTJ8IODHMNU;A;    8; 0010;     01;S;;DIRECT;      0;MOV
;0QO94AN0HRWMLE3F1QUHYVTJ8IODHMNU;A;    9; 0011;     01;S;;DIRECT;      0;MOV
;0QO94AN0HRWMLE3F1QUHYVTJ8IODHMNU;A;   10; 0012;     01;S;;DIRECT;      0;MOV
;0QO94AN0HRWMLE3F1QUHYVTJ8IODHMNU;A;   11; 0013;     01;S;;DIRECT;      0;MOV
;0QO94AN0HRWMLE3F1QUHYVTJ8IODHMNU;A;   12; 0014;     01;S;;DIRECT;      0;MOV
;0QO94AN0HRWMLE3F1QUHYVTJ8IODHMNU;A;   13; 0015;     01;S;;DIRECT;      0;MOV
;0QO94AN0HRWMLE3F1QUHYVTJ8IODHMNU;A;   14; 0016;     01;S;;DIRECT;      0;MOV
;0QO94AN0HRWMLE3F1QUHYVTJ8IODHMNU;A;   15; 0017;     01;S;;DIRECT;      0;MOV
;0QO94AN0HRWMLE3F1QUHYVTJ8IODHMNU;A;   16; 0018;     01;S;;DIRECT;      0;MOV
;0QO94AN0HRWMLE3F1QUHYVTJ8IODHMNU;A;   17; 0019;     01;S;;DIRECT;      0;MOV
;0QO94AN0HRWMLE3F1QUHYVTJ8IODHMNU;A;   18; 0020;     01;S;;DIRECT;      0;MOV
;0QO94AN0HRWMLE3F1QUHYVTJ8IODHMNU;A;   19; 0021;     01;S;;DIRECT;      0;MOV
;0QO94AN0HRWMLE3F1QUHYVTJ8IODHMNU;A;   20; 0022;     01;S;;DIRECT;      0;MOV
;0QO94AN0HRWMLE3F1QUHYVTJ8IODHMNU;A;   21; 0023;     01;S;;DIRECT;      0;MOV
;0QO94AN0HRWMLE3F1QUHYVTJ8IODHMNU;A;   22; 0024;     01;S;;DIRECT;      0;MOV
;0QO94AN0HRWMLE3F1QUHYVTJ8IODHMNU;A;   23; 0025;     01;S;;DIRECT;      0;MOV
;0QO94AN0HRWMLE3F1QUHYVTJ8IODHMNU;A;   24; 0026;     01;S;;DIRECT;      0;MOV
;0QO94AN0HRWMLE3F1QUHYVTJ8IODHMNU;A;   25; 0027;     01;S;;DIRECT;      0;MOV
;0QO94AN0HRWMLE3F1QUHYVTJ8IODHMNU;A;   26; 0028;     01;S;;DIRECT;      0;MOV
;0QO94AN0HRWMLE3F1QUHYVTJ8IODHMNU;A;   27; 0029;     01;S;;DIRECT;      0;MOV
;0QO94AN0HRWMLE3F1QUHYVTJ8IODHMNU;A;   28; 0160;     02;T;;DIRECT;      0;MOV
;0QO94AN0HRWMLE3F1QUHYVTJ8IODHMNU;A;   29; 0108;     01;S;;DIRECT;      0
;0QO94AN0HRWMLE3F1QUHYVTJ8IODHMNU;A;   30; 0109;     01;S;;DIRECT;      0
;0QO94AN0HRWMLE3F1QUHYVTJ8IODHMNU;A;   31; 0030;     01;S;;DIRECT;      0;MOV
;0QO94AN0HRWMLE3F1QUHYVTJ8IODHMNU;A;   32; 0031;     01;S;;DIRECT;      0;MOV
;0QO94AN0HRWMLE3F1QUHYVTJ8IODHMNU;A;   33; 0032;     01;S;;DIRECT;      0;MOV
;0QO94AN0HRWMLE3F1QUHYVTJ8IODHMNU;A;   34; 0033;     01;S;;DIRECT;      0;MOV
;0QO94AN0HRWMLE3F1QUHYVTJ8IODHMNU;A;   35; 0034;     01;S;;DIRECT;      0;MOV
;0QO94AN0HRWMLE3F1QUHYVTJ8IODHMNU;A;   36; 0035;     01;S;;DIRECT;      0;MOV
;0QO94AN0HRWMLE3F1QUHYVTJ8IODHMNU;A;   37; 0036;     01;S;;ROUTINE;      0;MOV;;;X
;0QO94AN0HRWMLE3F1QUHYVTJ8IODHMNU;A;   38; 0037;     01;S;;DIRECT;      0;MOV
;0QO94AN0HRWMLE3F1QUHYVTJ8IODHMNU;A;   39; 0038;     01;S;;DIRECT;      0;MOV
;0QO94AN0HRWMLE3F1QUHYVTJ8IODHMNU;A;   40; 0039;     01;S;;DIRECT;      0;MOV
;0QO94AN0HRWMLE3F1QUHYVTJ8IODHMNU;A;   41; 0040;     01;S;;DIRECT;      0;MOV
;0QO94AN0HRWMLE3F1QUHYVTJ8IODHMNU;A;   42; 0041;     01;S;;DIRECT;      0;MOV
;0QO94AN0HRWMLE3F1QUHYVTJ8IODHMNU;A;   43; 0042;     01;S;;DIRECT;      0;MOV
;0QO94AN0HRWMLE3F1QUHYVTJ8IODHMNU;A;   44; 0043;     01;S;;DIRECT;      0;MOV
;0QO94AN0HRWMLE3F1QUHYVTJ8IODHMNU;A;   45; 0044;     01;S;;DIRECT;      0;MOV
;0QO94AN0HRWMLE3F1QUHYVTJ8IODHMNU;A;   46; 0045;     01;S;;DIRECT;      0;MOV
;0QO94AN0HRWMLE3F1QUHYVTJ8IODHMNU;A;   47; 0046;     01;S;;DIRECT;      0;MOV
;0QO94AN0HRWMLE3F1QUHYVTJ8IODHMNU;A;   48; 0047;     01;S;;DIRECT;      0;MOV
;0QO94AN0HRWMLE3F1QUHYVTJ8IODHMNU;A;   49; 0048;     01;S;;DIRECT;      0;MOV
;0QO94AN0HRWMLE3F1QUHYVTJ8IODHMNU;A;   50; 0049;     01;S;;DIRECT;      0;MOV
;0QO94AN0HRWMLE3F1QUHYVTJ8IODHMNU;A;   51; 0050;     01;S;;DIRECT;      0;MOV
;0QO94AN0HRWMLE3F1QUHYVTJ8IODHMNU;A;   52; 0051;     01;S;;DIRECT;      0;MOV
;0QO94AN0HRWMLE3F1QUHYVTJ8IODHMNU;A;   53; 0052;     01;S;;DIRECT;      0;MOV
;0QO94AN0HRWMLE3F1QUHYVTJ8IODHMNU;A;   54; 0053;     01;S;;DIRECT;      0;MOV
;0QO94AN0HRWMLE3F1QUHYVTJ8IODHMNU;A;   55; 0054;     01;S;;DIRECT;      0;MOV
;0QO94AN0HRWMLE3F1QUHYVTJ8IODHMNU;A;   56; 0055;     01;S;;DIRECT;      0;MOV
;0QO94AN0HRWMLE3F1QUHYVTJ8IODHMNU;A;   57; 0056;     01;S;;DIRECT;      0;MOV
;0QO94AN0HRWMLE3F1QUHYVTJ8IODHMNU;A;   58; 0057;     01;S;;DIRECT;      0;MOV
;0QO94AN0HRWMLE3F1QUHYVTJ8IODHMNU;A;   59; 0058;     01;S;;DIRECT;      0;MOV
;0QO94AN0HRWMLE3F1QUHYVTJ8IODHMNU;A;   60; 0059;     01;S;;DIRECT;      0;MOV
;0QO94AN0HRWMLE3F1QUHYVTJ8IODHMNU;A;   61; 0060;     01;S;;DIRECT;      0;MOV
;0QO94AN0HRWMLE3F1QUHYVTJ8IODHMNU;A;   62; 0061;     01;S;;DIRECT;      0;MOV
;0QO94AN0HRWMLE3F1QUHYVTJ8IODHMNU;A;   63; 0062;     01;S;;DIRECT;      0;MOV
;0QO94AN0HRWMLE3F1QUHYVTJ8IODHMNU;A;   64; 0063;     01;S;;DIRECT;      0;MOV
;0QO94AN0HRWMLE3F1QUHYVTJ8IODHMNU;A;   65; 0064;     01;S;;DIRECT;      0;MOV
;0QO94AN0HRWMLE3F1QUHYVTJ8IODHMNU;A;   66; 0065;     01;S;;DIRECT;      0;MOV
;0QO94AN0HRWMLE3F1QUHYVTJ8IODHMNU;A;   67; 0066;     01;S;;DIRECT;      0;MOV
;0QO94AN0HRWMLE3F1QUHYVTJ8IODHMNU;A;   68; 0067;     01;S;;DIRECT;      0;MOV
;0QO94AN0HRWMLE3F1QUHYVTJ8IODHMNU;A;   69; 0068;     01;S;;DIRECT;      0;MOV
;0QO94AN0HRWMLE3F1QUHYVTJ8IODHMNU;A;   70; 0069;     01;S;;DIRECT;      0;MOV
;0QO94AN0HRWMLE3F1QUHYVTJ8IODHMNU;A;   71; 0070;     01;S;;DIRECT;      0;MOV
;0QO94AN0HRWMLE3F1QUHYVTJ8IODHMNU;A;   72; 0071;     01;S;;DIRECT;      0;MOV
;0QO94AN0HRWMLE3F1QUHYVTJ8IODHMNU;A;   73; 0072;     01;S;;DIRECT;      0;MOV
;0QO94AN0HRWMLE3F1QUHYVTJ8IODHMNU;A;   74; 0073;     01;S;;DIRECT;      0;MOV
;0QO94AN0HRWMLE3F1QUHYVTJ8IODHMNU;A;   75; 0074;     01;S;;DIRECT;      0;MOV
;0QO94AN0HRWMLE3F1QUHYVTJ8IODHMNU;A;   76; 0075;     01;S;;DIRECT;      0;MOV
;0QO94AN0HRWMLE3F1QUHYVTJ8IODHMNU;A;   77; 0076;     01;S;;DIRECT;      0;MOV
;0QO94AN0HRWMLE3F1QUHYVTJ8IODHMNU;A;   78; 0077;     01;S;;DIRECT;      0;MOV
;0QO94AN0HRWMLE3F1QUHYVTJ8IODHMNU;A;   79; 0078;     01;S;;DIRECT;      0;MOV
;0QO94AN0HRWMLE3F1QUHYVTJ8IODHMNU;A;   80; 0079;     01;S;;DIRECT;      0;MOV
;0QO94AN0HRWMLE3F1QUHYVTJ8IODHMNU;A;   81; 0080;     01;S;;DIRECT;      0;MOV
;0QO94AN0HRWMLE3F1QUHYVTJ8IODHMNU;A;   82; 0081;     01;S;;DIRECT;      0;MOV
;0QO94AN0HRWMLE3F1QUHYVTJ8IODHMNU;A;   83; 0082;     01;S;;DIRECT;      0;MOV
;0QO94AN0HRWMLE3F1QUHYVTJ8IODHMNU;A;   84; 0083;     01;S;;DIRECT;      0;MOV
;0QO94AN0HRWMLE3F1QUHYVTJ8IODHMNU;A;   85; 0084;     01;S;;DIRECT;      0;MOV
;0QO94AN0HRWMLE3F1QUHYVTJ8IODHMNU;A;   86; 0085;     01;S;;DIRECT;      0;MOV
;0QO94AN0HRWMLE3F1QUHYVTJ8IODHMNU;A;   87; 0086;     01;S;;DIRECT;      0;MOV
;0QO94AN0HRWMLE3F1QUHYVTJ8IODHMNU;A;   88; 0087;     01;S;;DIRECT;      0;MOV
;0QO94AN0HRWMLE3F1QUHYVTJ8IODHMNU;A;   89; 0088;     01;S;;DIRECT;      0;MOV
;0QO94AN0HRWMLE3F1QUHYVTJ8IODHMNU;A;   90; 0089;     01;S;;DIRECT;      0;MOV
;0QO94AN0HRWMLE3F1QUHYVTJ8IODHMNU;A;   91; 0090;     01;S;;DIRECT;      0;MOV
;0QO94AN0HRWMLE3F1QUHYVTJ8IODHMNU;A;   92; 0091;     01;S;;DIRECT;      0;MOV
;0QO94AN0HRWMLE3F1QUHYVTJ8IODHMNU;A;   93; 0092;     01;S;;DIRECT;      0;MOV
;0QO94AN0HRWMLE3F1QUHYVTJ8IODHMNU;A;   94; 0093;     01;S;;DIRECT;      0;MOV
;0QO94AN0HRWMLE3F1QUHYVTJ8IODHMNU;A;   95; 0094;     01;S;;DIRECT;      0;MOV
;0QO94AN0HRWMLE3F1QUHYVTJ8IODHMNU;A;   96; 0095;     01;S;;DIRECT;      0;MOV
;0QO94AN0HRWMLE3F1QUHYVTJ8IODHMNU;A;   97; 0096;     01;S;;DIRECT;      0;MOV
;0QO94AN0HRWMLE3F1QUHYVTJ8IODHMNU;A;   98; 0097;     01;S;;DIRECT;      0;MOV
;0QO94AN0HRWMLE3F1QUHYVTJ8IODHMNU;A;   99; 0098;     01;S;;DIRECT;      0;MOV
;0QO94AN0HRWMLE3F1QUHYVTJ8IODHMNU;A;  100; 0099;     01;S;;ROUTINE;      0;MOV;;;X
;0QO94AN0HRWMLE3F1QUHYVTJ8IODHMNU;A;  101; 0002;     00;;;START;      0;;;;X
;0QO94AN0HRWMLE3F1QUHYVTJ8IODHMNU;A;  102; 0110;     01;S;;DIRECT;      0;MOV
;0QO94AN0HRWMLE3F1QUHYVTJ8IODHMNU;A;  103; 0100;     01;S;;ROUTINE;      0;MOV;;;X
;0QO94AN0HRWMLE3F1QUHYVTJ8IODHMNU;A;  104; 0101;     01;S;;ROUTINE;      0;MOV;;;X
;0QO94AN0HRWMLE3F1QUHYVTJ8IODHMNU;A;  105; 0102;     01;S;;DIRECT;      0;MOV
;0QO94AN0HRWMLE3F1QUHYVTJ8IODHMNU;A;  106; 0103;     01;S;;DIRECT;      0;MOV
;0QO94AN0HRWMLE3F1QUHYVTJ8IODHMNU;A;  107; 0104;     01;S;;DIRECT;      0;MOV
;0QO94AN0HRWMLE3F1QUHYVTJ8IODHMNU;A;  108; 0105;     01;S;;DIRECT;      0;MOV
;0QO94AN0HRWMLE3F1QUHYVTJ8IODHMNU;A;  109; 0107;     01;S;;DIRECT;      0;MOV
;0QO94AN0HRWMLE3F1QUHYVTJ8IODHMNU;A;  110; 0106;     01;S;;DIRECT;      0;MOV
;0QO94AN0HRWMLE3F1QUHYVTJ8IODHMNU;A;  111; 0111;     01;S;;DIRECT;      0;MOV
;0QO94AN0HRWMLE3F1QUHYVTJ8IODHMNU;A;  112; 0112;     01;S;;DIRECT;      0;MOV
;0QO94AN0HRWMLE3F1QUHYVTJ8IODHMNU;A;  113; 0113;     01;S;;DIRECT;      0;MOV
;0QO94AN0HRWMLE3F1QUHYVTJ8IODHMNU;A;  114; 0114;     01;S;;DIRECT;      0;MOV
;0QO94AN0HRWMLE3F1QUHYVTJ8IODHMNU;A;  116; 0115;     01;S;;DIRECT;      0;MOV
;0QO94AN0HRWMLE3F1QUHYVTJ8IODHMNU;A;  117; 0116;     01;S;;DIRECT;      0;MOV
;0QO94AN0HRWMLE3F1QUHYVTJ8IODHMNU;A;  118; 0117;     01;S;;DIRECT;      0;MOV
;0QO94AN0HRWMLE3F1QUHYVTJ8IODHMNU;A;  119; 0118;     01;S;;DIRECT;      0;MOV
;0QO94AN0HRWMLE3F1QUHYVTJ8IODHMNU;A;  120; 0119;     01;S;;DIRECT;      0;MOV
;0QO94AN0HRWMLE3F1QUHYVTJ8IODHMNU;A;  121; 0120;     01;S;;DIRECT;      0;MOV
;0QO94AN0HRWMLE3F1QUHYVTJ8IODHMNU;A;  122; 0121;     01;S;;DIRECT;      0;MOV
;0QO94AN0HRWMLE3F1QUHYVTJ8IODHMNU;A;  123; 0122;     01;S;;DIRECT;      0;MOV
;0QO94AN0HRWMLE3F1QUHYVTJ8IODHMNU;A;  124; 0123;     01;S;;DIRECT;      0;MOV
;0QO94AN0HRWMLE3F1QUHYVTJ8IODHMNU;A;  125; 0124;     01;S;;DIRECT;      0;MOV
;0QO94AN0HRWMLE3F1QUHYVTJ8IODHMNU;A;  126; 0125;     01;S;;DIRECT;      0;MOV
;0QO94AN0HRWMLE3F1QUHYVTJ8IODHMNU;A;  127; 0126;     01;S;;DIRECT;      0;MOV
;0QO94AN0HRWMLE3F1QUHYVTJ8IODHMNU;A;  128; 0127;     01;S;;DIRECT;      0;MOV
;0QO94AN0HRWMLE3F1QUHYVTJ8IODHMNU;A;  129; 0128;     01;S;;DIRECT;      0;MOV
;0QO94AN0HRWMLE3F1QUHYVTJ8IODHMNU;A;  130; 0129;     01;S;;DIRECT;      0;MOV
;0QO94AN0HRWMLE3F1QUHYVTJ8IODHMNU;A;  131; 0130;     01;S;;DIRECT;      0;MOV
;0QO94AN0HRWMLE3F1QUHYVTJ8IODHMNU;A;  132; 0131;     01;S;;DIRECT;      0;MOV
;0QO94AN0HRWMLE3F1QUHYVTJ8IODHMNU;A;  133; 0132;     01;S;;DIRECT;      0;MOV
;0QO94AN0HRWMLE3F1QUHYVTJ8IODHMNU;A;  134; 0133;     01;S;;DIRECT;      0;MOV
;0QO94AN0HRWMLE3F1QUHYVTJ8IODHMNU;A;  135; 0134;     01;S;;DIRECT;      0;MOV
;0QO94AN0HRWMLE3F1QUHYVTJ8IODHMNU;A;  136; 0135;     01;S;;DIRECT;      0;MOV
;0QO94AN0HRWMLE3F1QUHYVTJ8IODHMNU;A;  137; 0136;     01;S;;DIRECT;      0;MOV
;0QO94AN0HRWMLE3F1QUHYVTJ8IODHMNU;A;  138; 0137;     01;S;;DIRECT;      0;MOV
;0QO94AN0HRWMLE3F1QUHYVTJ8IODHMNU;A;  139; 0138;     01;S;;DIRECT;      0;MOV
;0QO94AN0HRWMLE3F1QUHYVTJ8IODHMNU;A;  140; 0139;     01;S;;DIRECT;      0;MOV
;0QO94AN0HRWMLE3F1QUHYVTJ8IODHMNU;A;  141; 0140;     01;S;;DIRECT;      0;MOV
;0QO94AN0HRWMLE3F1QUHYVTJ8IODHMNU;A;  142; 0141;     01;S;;DIRECT;      0;MOV
;0QO94AN0HRWMLE3F1QUHYVTJ8IODHMNU;A;  143; 0142;     01;S;;DIRECT;      0;MOV
;0QO94AN0HRWMLE3F1QUHYVTJ8IODHMNU;A;  144; 0143;     01;S;;DIRECT;      0;MOV
;0QO94AN0HRWMLE3F1QUHYVTJ8IODHMNU;A;  145; 0144;     01;S;;DIRECT;      0;MOV
;0QO94AN0HRWMLE3F1QUHYVTJ8IODHMNU;A;  146; 0145;     01;S;;DIRECT;      0;MOV
;0QO94AN0HRWMLE3F1QUHYVTJ8IODHMNU;A;  147; 0146;     01;S;;DIRECT;      0;MOV
;0QO94AN0HRWMLE3F1QUHYVTJ8IODHMNU;A;  148; 0147;     01;S;;DIRECT;      0;MOV
;0QO94AN0HRWMLE3F1QUHYVTJ8IODHMNU;A;  149; 0148;     01;S;;DIRECT;      0;MOV
;0QO94AN0HRWMLE3F1QUHYVTJ8IODHMNU;A;  150; 0149;     01;S;;DIRECT;      0;MOV
;0QO94AN0HRWMLE3F1QUHYVTJ8IODHMNU;A;  151; 0150;     01;S;;DIRECT;      0;MOV
;0QO94AN0HRWMLE3F1QUHYVTJ8IODHMNU;A;  152; 0151;     01;S;;DIRECT;      0;MOV
;0QO94AN0HRWMLE3F1QUHYVTJ8IODHMNU;A;  153; 0153;     01;S;;DIRECT;      0;MOV
;0QO94AN0HRWMLE3F1QUHYVTJ8IODHMNU;A;  155; 0152;     01;S;;DIRECT;      0;MOV
;0QO94AN0HRWMLE3F1QUHYVTJ8IODHMNU;A;  156; 0158;     01;S;;DIRECT;      0;MOV
;0QO94AN0HRWMLE3F1QUHYVTJ8IODHMNU;A;  157; 0159;     01;S;;DIRECT;      0;MOV
;0QO94AN0HRWMLE3F1QUHYVTJ8IODHMNU;A;  158; 0154;     01;S;;DIRECT;      0;MOV
;0QO94AN0HRWMLE3F1QUHYVTJ8IODHMNU;A;  159; 0155;     01;S;;DIRECT;      0;MOV