;TRANID;OBJVERS;SEGID;RULEID;STEPID;PARAMTYPE;PARAMNM;FIELDNM;FIELDTYPE;KEYFLAG;RULEPOSIT;AGGR
;016SR3U9EM0A9PVO3TF5CFRI1WB5NAU2;A; 0001;    1;    0;        0;ROCANCEL;ROCANCEL;F;;     0006
;016SR3U9EM0A9PVO3TF5CFRI1WB5NAU2;A; 0001;    1;    0;        1;0RECORDMODE;0RECORDMODE;I;;     0005
;016SR3U9EM0A9PVO3TF5CFRI1WB5NAU2;A; 0001;    2;    0;        0;VBELN;VBELN;F;;     0002
;016SR3U9EM0A9PVO3TF5CFRI1WB5NAU2;A; 0001;    2;    0;        1;MBORDNUM;MBORDNUM;I;X;     0004
;016SR3U9EM0A9PVO3TF5CFRI1WB5NAU2;A; 0001;    3;    0;        0;UVALL;UVALL;F;;     0003
;016SR3U9EM0A9PVO3TF5CFRI1WB5NAU2;A; 0001;    3;    0;        1;MBUVALLK;MBUVALLK;I;;     0006
;016SR3U9EM0A9PVO3TF5CFRI1WB5NAU2;A; 0001;    4;    0;        0;UVFAK;UVFAK;F;;     0004
;016SR3U9EM0A9PVO3TF5CFRI1WB5NAU2;A; 0001;    4;    0;        1;MBUVFAKK;MBUVFAKK;I;;     0007
;016SR3U9EM0A9PVO3TF5CFRI1WB5NAU2;A; 0001;    5;    0;        0;UVVLK;UVVLK;F;;     0005
;016SR3U9EM0A9PVO3TF5CFRI1WB5NAU2;A; 0001;    5;    0;        1;MBUVVLKK;MBUVVLKK;I;;     0008
;016SR3U9EM0A9PVO3TF5CFRI1WB5NAU2;A; 0001;    7;    0;        0;ZZCANC_DATE;ZZCANC_DATE;F;;     0032
;016SR3U9EM0A9PVO3TF5CFRI1WB5NAU2;A; 0001;    7;    0;        1;MBCANCDT;MBCANCDT;I;;     0011
;016SR3U9EM0A9PVO3TF5CFRI1WB5NAU2;A; 0001;    8;    0;        0;ZZDLV_DATE;ZZDLV_DATE;F;;     0033
;016SR3U9EM0A9PVO3TF5CFRI1WB5NAU2;A; 0001;    8;    0;        1;MBCDELDT;MBCDELDT;I;;     0012
;016SR3U9EM0A9PVO3TF5CFRI1WB5NAU2;A; 0001;   11;    0;        0;ROCANCEL;ROCANCEL;F;;     0006
;016SR3U9EM0A9PVO3TF5CFRI1WB5NAU2;A; 0001;   11;    0;        1;MBCANIND;MBCANIND;I;;     0015
;016SR3U9EM0A9PVO3TF5CFRI1WB5NAU2;A; 0001;   12;    0;        0;ZZSHIP_DATE;ZZSHIP_DATE;F;;     0038
;016SR3U9EM0A9PVO3TF5CFRI1WB5NAU2;A; 0001;   12;    0;        1;MBRQSHDT;MBRQSHDT;I;;     0045
;016SR3U9EM0A9PVO3TF5CFRI1WB5NAU2;A; 0001;   13;    0;        0;SUBMI;SUBMI;F;;     0034
;016SR3U9EM0A9PVO3TF5CFRI1WB5NAU2;A; 0001;   13;    0;        1;MBSUBMI;MBSUBMI;I;;     0046
;016SR3U9EM0A9PVO3TF5CFRI1WB5NAU2;A; 0001;   15;    0;        0;ANGDT;ANGDT;F;;     0007
;016SR3U9EM0A9PVO3TF5CFRI1WB5NAU2;A; 0001;   15;    0;        1;0DATEFROM;0DATEFROM;I;;     0019
;016SR3U9EM0A9PVO3TF5CFRI1WB5NAU2;A; 0001;   16;    0;        0;AUART;AUART;F;;     0008
;016SR3U9EM0A9PVO3TF5CFRI1WB5NAU2;A; 0001;   16;    0;        1;MBDOCTYP;MBDOCTYP;I;;     0020
;016SR3U9EM0A9PVO3TF5CFRI1WB5NAU2;A; 0001;   17;    0;        0;AUGRU;AUGRU;F;;     0009
;016SR3U9EM0A9PVO3TF5CFRI1WB5NAU2;A; 0001;   17;    0;        1;MBPUREAS;MBPUREAS;I;;     0021
;016SR3U9EM0A9PVO3TF5CFRI1WB5NAU2;A; 0001;   18;    0;        0;BNDDT;BNDDT;F;;     0010
;016SR3U9EM0A9PVO3TF5CFRI1WB5NAU2;A; 0001;   18;    0;        1;0DATETO;0DATETO;I;;     0022
;016SR3U9EM0A9PVO3TF5CFRI1WB5NAU2;A; 0001;   19;    0;        0;BUKRS;BUKRS;F;;     0011
;016SR3U9EM0A9PVO3TF5CFRI1WB5NAU2;A; 0001;   19;    0;        1;MECOMPCOD;MECOMPCOD;I;;     0023
;016SR3U9EM0A9PVO3TF5CFRI1WB5NAU2;A; 0001;   20;    0;        0;ERDAT;ERDAT;F;;     0012
;016SR3U9EM0A9PVO3TF5CFRI1WB5NAU2;A; 0001;   20;    0;        1;0CREATEDON;0CREATEDON;I;;     0024
;016SR3U9EM0A9PVO3TF5CFRI1WB5NAU2;A; 0001;   21;    0;        0;FAKSK;FAKSK;F;;     0013
;016SR3U9EM0A9PVO3TF5CFRI1WB5NAU2;A; 0001;   21;    0;        1;MBBILLBLK;MBBILLBLK;I;;     0025
;016SR3U9EM0A9PVO3TF5CFRI1WB5NAU2;A; 0001;   22;    0;        0;HWAER;HWAER;F;;     0014
;016SR3U9EM0A9PVO3TF5CFRI1WB5NAU2;A; 0001;   22;    0;        1;0CURKEY_LC;0CURKEY_LC;I;;     0026
;016SR3U9EM0A9PVO3TF5CFRI1WB5NAU2;A; 0001;   23;    0;        0;KUNNR;KUNNR;F;;     0015
;016SR3U9EM0A9PVO3TF5CFRI1WB5NAU2;A; 0001;   23;    0;        1;MESOLD_TO;MESOLD_TO;I;;     0027
;016SR3U9EM0A9PVO3TF5CFRI1WB5NAU2;A; 0001;   24;    0;        0;KVGR1;KVGR1;F;;     0017
;016SR3U9EM0A9PVO3TF5CFRI1WB5NAU2;A; 0001;   24;    0;        1;MECUGRP1;MECUGRP1;I;;     0028
;016SR3U9EM0A9PVO3TF5CFRI1WB5NAU2;A; 0001;   25;    0;        0;KVGR2;KVGR2;F;;     0018
;016SR3U9EM0A9PVO3TF5CFRI1WB5NAU2;A; 0001;   25;    0;        1;MECUGRP2;MECUGRP2;I;;     0029
;016SR3U9EM0A9PVO3TF5CFRI1WB5NAU2;A; 0001;   26;    0;        0;KVGR3;KVGR3;F;;     0019
;016SR3U9EM0A9PVO3TF5CFRI1WB5NAU2;A; 0001;   26;    0;        1;MECUGRP3;MECUGRP3;I;;     0030
;016SR3U9EM0A9PVO3TF5CFRI1WB5NAU2;A; 0001;   27;    0;        0;KVGR4;KVGR4;F;;     0020
;016SR3U9EM0A9PVO3TF5CFRI1WB5NAU2;A; 0001;   27;    0;        1;MECUGRP4;MECUGRP4;I;;     0031
;016SR3U9EM0A9PVO3TF5CFRI1WB5NAU2;A; 0001;   28;    0;        0;KVGR5;KVGR5;F;;     0021
;016SR3U9EM0A9PVO3TF5CFRI1WB5NAU2;A; 0001;   28;    0;        1;MECUGRP5;MECUGRP5;I;;     0032
;016SR3U9EM0A9PVO3TF5CFRI1WB5NAU2;A; 0001;   29;    0;        0;LIFSK;LIFSK;F;;     0022
;016SR3U9EM0A9PVO3TF5CFRI1WB5NAU2;A; 0001;   29;    0;        1;MBDELBLK;MBDELBLK;I;;     0033
;016SR3U9EM0A9PVO3TF5CFRI1WB5NAU2;A; 0001;   30;    0;        0;PVRTNR;PVRTNR;F;;     0023
;016SR3U9EM0A9PVO3TF5CFRI1WB5NAU2;A; 0001;   30;    0;        1;MBPVRTNR;MBPVRTNR;I;;     0034
;016SR3U9EM0A9PVO3TF5CFRI1WB5NAU2;A; 0001;   31;    0;        0;VBTYP;VBTYP;F;;     0025
;016SR3U9EM0A9PVO3TF5CFRI1WB5NAU2;A; 0001;   31;    0;        1;MBVBTYP;MBVBTYP;I;;     0035
;016SR3U9EM0A9PVO3TF5CFRI1WB5NAU2;A; 0001;   32;    0;        0;VDATU;VDATU;F;;     0026
;016SR3U9EM0A9PVO3TF5CFRI1WB5NAU2;A; 0001;   32;    0;        1;MBVDATU;MBVDATU;I;;     0036
;016SR3U9EM0A9PVO3TF5CFRI1WB5NAU2;A; 0001;   33;    0;        0;VKBUR;VKBUR;F;;     0027
;016SR3U9EM0A9PVO3TF5CFRI1WB5NAU2;A; 0001;   33;    0;        1;MESALOFF;MESALOFF;I;;     0037
;016SR3U9EM0A9PVO3TF5CFRI1WB5NAU2;A; 0001;   34;    0;        0;VKGRP;VKGRP;F;;     0028
;016SR3U9EM0A9PVO3TF5CFRI1WB5NAU2;A; 0001;   34;    0;        1;MESALGRP;MESALGRP;I;;     0038
;016SR3U9EM0A9PVO3TF5CFRI1WB5NAU2;A; 0001;   35;    0;        0;VKORG;VKORG;F;;     0029
;016SR3U9EM0A9PVO3TF5CFRI1WB5NAU2;A; 0001;   35;    0;        1;MESALEORG;MESALEORG;I;;     0039
;016SR3U9EM0A9PVO3TF5CFRI1WB5NAU2;A; 0001;   36;    0;        0;VTWEG;VTWEG;F;;     0030
;016SR3U9EM0A9PVO3TF5CFRI1WB5NAU2;A; 0001;   36;    0;        1;MEDISCHAN;MEDISCHAN;I;;     0040
;016SR3U9EM0A9PVO3TF5CFRI1WB5NAU2;A; 0001;   37;    0;        0;WAERK;WAERK;F;;     0031
;016SR3U9EM0A9PVO3TF5CFRI1WB5NAU2;A; 0001;   37;    0;        1;0DOC_CURRCY;0DOC_CURRCY;I;;     0041
;016SR3U9EM0A9PVO3TF5CFRI1WB5NAU2;A; 0001;   38;    0;        0;SPARA;SPARA;F;;     0035
;016SR3U9EM0A9PVO3TF5CFRI1WB5NAU2;A; 0001;   38;    0;        1;MEDIVISIO;MEDIVISIO;I;;     0042
;016SR3U9EM0A9PVO3TF5CFRI1WB5NAU2;A; 0001;   39;    0;        0;VGTYP_AK;VGTYP_AK;F;;     0036
;016SR3U9EM0A9PVO3TF5CFRI1WB5NAU2;A; 0001;   39;    0;        1;MBDOCATR;MBDOCATR;I;;     0043
;016SR3U9EM0A9PVO3TF5CFRI1WB5NAU2;A; 0001;   40;    0;        0;ANZAU;ANZAU;F;;     0037
;016SR3U9EM0A9PVO3TF5CFRI1WB5NAU2;A; 0001;   40;    0;        1;0ORD_ITEMS;0ORD_ITEMS;I;;     0044
;017MEDJ35RYKGGTFIU03IM5UAPISEYHA;A; 0001;    1;    0;        1;0RECORDMODE;0RECORDMODE;I;;     0006
;017MEDJ35RYKGGTFIU03IM5UAPISEYHA;A; 0001;    2;    0;        0;VBELN;VBELN;F;;     0002
;017MEDJ35RYKGGTFIU03IM5UAPISEYHA;A; 0001;    2;    0;        1;MBBILLNUM;MBBILLNUM;I;X;     0004
;017MEDJ35RYKGGTFIU03IM5UAPISEYHA;A; 0001;    3;    0;        0;POSNR;POSNR;F;;     0010
;017MEDJ35RYKGGTFIU03IM5UAPISEYHA;A; 0001;    3;    0;        1;MBBILLITM;MBBILLITM;I;X;     0005
;017MEDJ35RYKGGTFIU03IM5UAPISEYHA;A; 0001;    4;    0;        0;AUBEL;AUBEL;F;;     0036
;017MEDJ35RYKGGTFIU03IM5UAPISEYHA;A; 0001;    4;    0;        1;MBORDNUM;MBORDNUM;I;;     0007
;017MEDJ35RYKGGTFIU03IM5UAPISEYHA;A; 0001;    5;    0;        0;AUPOS;AUPOS;F;;     0037
;017MEDJ35RYKGGTFIU03IM5UAPISEYHA;A; 0001;    5;    0;        1;MBORDITM;MBORDITM;I;;     0008
;017MEDJ35RYKGGTFIU03IM5UAPISEYHA;A; 0001;    6;    0;        0;VGBEL;VGBEL;F;;     0099
;017MEDJ35RYKGGTFIU03IM5UAPISEYHA;A; 0001;    6;    0;        1;MBDELNUM;MBDELNUM;I;;     0009
;017MEDJ35RYKGGTFIU03IM5UAPISEYHA;A; 0001;    7;    0;        0;VGPOS;VGPOS;F;;     0100
;017MEDJ35RYKGGTFIU03IM5UAPISEYHA;A; 0001;    7;    0;        1;MBDELITM;MBDELITM;I;;     0010
;017MEDJ35RYKGGTFIU03IM5UAPISEYHA;A; 0001;    8;    0;        0;AEDAT;AEDAT;F;;     0011
;017MEDJ35RYKGGTFIU03IM5UAPISEYHA;A; 0001;    8;    0;        1;0CH_ON;0CH_ON;I;;     0011
;017MEDJ35RYKGGTFIU03IM5UAPISEYHA;A; 0001;    9;    0;        0;FKDAT;FKDAT;F;;     0015
;017MEDJ35RYKGGTFIU03IM5UAPISEYHA;A; 0001;    9;    0;        1;0BILL_DATE;0BILL_DATE;I;;     0012
;017MEDJ35RYKGGTFIU03IM5UAPISEYHA;A; 0001;   10;    0;        0;ERDAT;ERDAT;F;;     0046
;017MEDJ35RYKGGTFIU03IM5UAPISEYHA;A; 0001;   10;    0;        1;0CREATEDON;0CREATEDON;I;;     0013
;017MEDJ35RYKGGTFIU03IM5UAPISEYHA;A; 0001;   11;    0;        0;FBUDA;FBUDA;F;;     0048
;017MEDJ35RYKGGTFIU03IM5UAPISEYHA;A; 0001;   11;    0;        1;0SERV_DATE;0SERV_DATE;I;;     0014
;017MEDJ35RYKGGTFIU03IM5UAPISEYHA;A; 0001;   12;    0;        0;KURSK_DAT;KURSK_DAT;F;;     0056
;017MEDJ35RYKGGTFIU03IM5UAPISEYHA;A; 0001;   12;    0;        1;0TRANS_DATE;0TRANS_DATE;I;;     0015
;017MEDJ35RYKGGTFIU03IM5UAPISEYHA;A; 0001;   13;    0;        0;PRSDT;PRSDT;F;;     0087
;017MEDJ35RYKGGTFIU03IM5UAPISEYHA;A; 0001;   13;    0;        1;0PRICE_DATE;0PRICE_DATE;I;;     0016
;017MEDJ35RYKGGTFIU03IM5UAPISEYHA;A; 0001;   14;    0;        0;STADAT;STADAT;F;;     0094
;017MEDJ35RYKGGTFIU03IM5UAPISEYHA;A; 0001;   14;    0;        1;0STAT_DATE;0STAT_DATE;I;;     0017
;017MEDJ35RYKGGTFIU03IM5UAPISEYHA;A; 0001;   15;    0;        0;VDATU;VDATU;F;;     0098
;017MEDJ35RYKGGTFIU03IM5UAPISEYHA;A; 0001;   15;    0;        1;0ST_UP_DTE;0ST_UP_DTE;I;;     0018
;017MEDJ35RYKGGTFIU03IM5UAPISEYHA;A; 0001;   16;    0;        0;PERIV;PERIV;F;;     0116
;017MEDJ35RYKGGTFIU03IM5UAPISEYHA;A; 0001;   16;    0;        1;0FISCVARNT;0FISCVARNT;I;;     0019
;017MEDJ35RYKGGTFIU03IM5UAPISEYHA;A; 0001;   17;    0;        0;FKART;FKART;F;;     0014
;017MEDJ35RYKGGTFIU03IM5UAPISEYHA;A; 0001;   17;    0;        1;MBBILTYP;MBBILTYP;I;;     0020
;017MEDJ35RYKGGTFIU03IM5UAPISEYHA;A; 0001;   18;    0;        0;PSTYV;PSTYV;F;;     0088
;017MEDJ35RYKGGTFIU03IM5UAPISEYHA;A; 0001;   18;    0;        1;MBPSTYVF;MBPSTYVF;I;;     0021
;017MEDJ35RYKGGTFIU03IM5UAPISEYHA;A; 0001;   19;    0;        0;BUKRS;BUKRS;F;;     0012
;017MEDJ35RYKGGTFIU03IM5UAPISEYHA;A; 0001;   19;    0;        1;MECOMPCOD;MECOMPCOD;I;;     0022
;017MEDJ35RYKGGTFIU03IM5UAPISEYHA;A; 0001;   20;    0;        0;KUNAG;KUNAG;F;;     0019
;017MEDJ35RYKGGTFIU03IM5UAPISEYHA;A; 0001;   20;    0;        1;MESOLD_TO;MESOLD_TO;I;;     0023
;017MEDJ35RYKGGTFIU03IM5UAPISEYHA;A; 0001;   21;    0;        0;KVGR2;KVGR2;F;;     0058
;017MEDJ35RYKGGTFIU03IM5UAPISEYHA;A; 0001;   21;    0;        1;MECUGRP2;MECUGRP2;I;;     0024
;017MEDJ35RYKGGTFIU03IM5UAPISEYHA;A; 0001;   22;    0;        0;PKUNWE;PKUNWE;F;;     0083
;017MEDJ35RYKGGTFIU03IM5UAPISEYHA;A; 0001;   22;    0;        1;MESHIP_TO;MESHIP_TO;I;;     0025
;017MEDJ35RYKGGTFIU03IM5UAPISEYHA;A; 0001;   23;    0;        0;POSAR;POSAR;F;;     0084
;017MEDJ35RYKGGTFIU03IM5UAPISEYHA;A; 0001;   23;    0;        1;MBPOSAR;MBPOSAR;I;;     0026
;017MEDJ35RYKGGTFIU03IM5UAPISEYHA;A; 0001;   24;    0;        0;WERKS;WERKS;F;;     0108
;017MEDJ35RYKGGTFIU03IM5UAPISEYHA;A; 0001;   24;    0;        1;MEPLANT;MEPLANT;I;;     0027
;017MEDJ35RYKGGTFIU03IM5UAPISEYHA;A; 0001;   25;    0;        0;VKORG;VKORG;F;;     0025
;017MEDJ35RYKGGTFIU03IM5UAPISEYHA;A; 0001;   25;    0;        1;MESALEORG;MESALEORG;I;;     0028
;017MEDJ35RYKGGTFIU03IM5UAPISEYHA;A; 0001;   26;    0;        0;KOSTL;KOSTL;F;;     0054
;017MEDJ35RYKGGTFIU03IM5UAPISEYHA;A; 0001;   26;    0;        1;MECCENTER;MECCENTER;I;;     0029
;017MEDJ35RYKGGTFIU03IM5UAPISEYHA;A; 0001;   27;    0;        0;KOKRS;KOKRS;F;;     0053
;017MEDJ35RYKGGTFIU03IM5UAPISEYHA;A; 0001;   27;    0;        1;MECO_AREA;MECO_AREA;I;;     0030
;017MEDJ35RYKGGTFIU03IM5UAPISEYHA;A; 0001;   28;    0;        0;MATNR;MATNR;F;;     0071
;017MEDJ35RYKGGTFIU03IM5UAPISEYHA;A; 0001;   28;    0;        1;MEMATER;MEMATER;I;;     0031
;017MEDJ35RYKGGTFIU03IM5UAPISEYHA;A; 0001;   29;    0;        0;VSTEL;VSTEL;F;;     0106
;017MEDJ35RYKGGTFIU03IM5UAPISEYHA;A; 0001;   29;    0;        1;MBSHIPPT;MBSHIPPT;I;;     0032
;017MEDJ35RYKGGTFIU03IM5UAPISEYHA;A; 0001;   30;    0;        0;VBTYP;VBTYP;F;;     0024
;017MEDJ35RYKGGTFIU03IM5UAPISEYHA;A; 0001;   30;    0;        1;MBVBTYP;MBVBTYP;I;;     0033
;017MEDJ35RYKGGTFIU03IM5UAPISEYHA;A; 0001;   31;    0;        0;KUNRG;KUNRG;F;;     0020
;017MEDJ35RYKGGTFIU03IM5UAPISEYHA;A; 0001;   31;    0;        1;MEPAYER;MEPAYER;I;;     0034
;017MEDJ35RYKGGTFIU03IM5UAPISEYHA;A; 0001;   32;    0;        0;VTWEG;VTWEG;F;;     0026
;017MEDJ35RYKGGTFIU03IM5UAPISEYHA;A; 0001;   32;    0;        1;MEDISCHAN;MEDISCHAN;I;;     0035
;017MEDJ35RYKGGTFIU03IM5UAPISEYHA;A; 0001;   33;    0;        0;PKUNRE;PKUNRE;F;;     0082
;017MEDJ35RYKGGTFIU03IM5UAPISEYHA;A; 0001;   33;    0;        1;MEBILLTO;MEBILLTO;I;;     0036
;017MEDJ35RYKGGTFIU03IM5UAPISEYHA;A; 0001;   34;    0;        0;VKBUR;VKBUR;F;;     0101
;017MEDJ35RYKGGTFIU03IM5UAPISEYHA;A; 0001;   34;    0;        1;MESALOFF;MESALOFF;I;;     0037
;017MEDJ35RYKGGTFIU03IM5UAPISEYHA;A; 0001;   35;    0;        0;VKGRP;VKGRP;F;;     0102
;017MEDJ35RYKGGTFIU03IM5UAPISEYHA;A; 0001;   35;    0;        1;MESALGRP;MESALGRP;I;;     0038
;017MEDJ35RYKGGTFIU03IM5UAPISEYHA;A; 0001;   36;    0;        0;SPART;SPART;F;;     0093
;017MEDJ35RYKGGTFIU03IM5UAPISEYHA;A; 0001;   36;    0;        1;MEDIVISIO;MEDIVISIO;I;;     0039
;017MEDJ35RYKGGTFIU03IM5UAPISEYHA;A; 0001;   37;    0;        0;SPARA;SPARA;F;;     0092
;017MEDJ35RYKGGTFIU03IM5UAPISEYHA;A; 0001;   37;    0;        1;MBDIVHD;MBDIVHD;I;;     0040
;017MEDJ35RYKGGTFIU03IM5UAPISEYHA;A; 0001;   38;    0;        0;FKTYP;FKTYP;F;;     0016
;017MEDJ35RYKGGTFIU03IM5UAPISEYHA;A; 0001;   38;    0;        1;MBFKTYP;MBFKTYP;I;;     0041
;017MEDJ35RYKGGTFIU03IM5UAPISEYHA;A; 0001;   39;    0;        0;FAREG;FAREG;F;;     0047
;017MEDJ35RYKGGTFIU03IM5UAPISEYHA;A; 0001;   39;    0;        1;MBBILLRU;MBBILLRU;I;;     0042
;017MEDJ35RYKGGTFIU03IM5UAPISEYHA;A; 0001;   40;    0;        0;WAERK;WAERK;F;;     0027
;017MEDJ35RYKGGTFIU03IM5UAPISEYHA;A; 0001;   40;    0;        1;0DOC_CURRCY;0DOC_CURRCY;I;;     0043
;017MEDJ35RYKGGTFIU03IM5UAPISEYHA;A; 0001;   41;    0;        0;MEINS;MEINS;F;;     0073
;017MEDJ35RYKGGTFIU03IM5UAPISEYHA;A; 0001;   41;    0;        1;0BASE_UOM;0BASE_UOM;I;;     0044
;017MEDJ35RYKGGTFIU03IM5UAPISEYHA;A; 0001;   42;    0;        0;VRKME;VRKME;F;;     0105
;017MEDJ35RYKGGTFIU03IM5UAPISEYHA;A; 0001;   42;    0;        1;0SALES_UNIT;0SALES_UNIT;I;;     0045
;017MEDJ35RYKGGTFIU03IM5UAPISEYHA;A; 0001;   43;    0;        0;UMVKN;UMVKN;F;;     0096
;017MEDJ35RYKGGTFIU03IM5UAPISEYHA;A; 0001;   43;    0;        1;0DENOMINTR;0DENOMINTR;I;;     0046
;017MEDJ35RYKGGTFIU03IM5UAPISEYHA;A; 0001;   44;    0;        0;UMVKZ;UMVKZ;F;;     0097
;017MEDJ35RYKGGTFIU03IM5UAPISEYHA;A; 0001;   44;    0;        1;0NUMERATOR;0NUMERATOR;I;;     0047
;017MEDJ35RYKGGTFIU03IM5UAPISEYHA;A; 0001;   45;    0;        0;KURRF;KURRF;F;;     0021
;017MEDJ35RYKGGTFIU03IM5UAPISEYHA;A; 0001;   45;    0;        1;0EXRATE_ACC;0EXRATE_ACC;I;;     0048
;017MEDJ35RYKGGTFIU03IM5UAPISEYHA;A; 0001;   46;    0;        0;FKIMG;FKIMG;F;;     0049
;017MEDJ35RYKGGTFIU03IM5UAPISEYHA;A; 0001;   46;    0;        1;0INV_QTY;0INV_QTY;I;;     0049
;017MEDJ35RYKGGTFIU03IM5UAPISEYHA;A; 0001;   47;    0;        0;FKLMG;FKLMG;F;;     0050
;017MEDJ35RYKGGTFIU03IM5UAPISEYHA;A; 0001;   47;    0;        1;0BILL_QTY;0BILL_QTY;I;;     0050
;017MEDJ35RYKGGTFIU03IM5UAPISEYHA;A; 0001;   48;    0;        0;KURSK;KURSK;F;;     0055
;017MEDJ35RYKGGTFIU03IM5UAPISEYHA;A; 0001;   48;    0;        1;0EXCHG_RATE;0EXCHG_RATE;I;;     0051
;017MEDJ35RYKGGTFIU03IM5UAPISEYHA;A; 0001;   49;    0;        0;LMENG;LMENG;F;;     0069
;017MEDJ35RYKGGTFIU03IM5UAPISEYHA;A; 0001;   49;    0;        1;0REQ_QTY;0REQ_QTY;I;;     0052
;017MEDJ35RYKGGTFIU03IM5UAPISEYHA;A; 0001;   50;    0;        0;MWSBP;MWSBP;F;;     0079
;017MEDJ35RYKGGTFIU03IM5UAPISEYHA;A; 0001;   50;    0;        1;0TAX_AMOUNT;0TAX_AMOUNT;I;;     0053
;017MEDJ35RYKGGTFIU03IM5UAPISEYHA;A; 0001;   51;    0;        0;SKFBP;SKFBP;F;;     0090
;017MEDJ35RYKGGTFIU03IM5UAPISEYHA;A; 0001;   51;    0;        1;0CSHDSC_BAS;0CSHDSC_BAS;I;;     0054
;017MEDJ35RYKGGTFIU03IM5UAPISEYHA;A; 0001;   52;    0;        0;SMENG;SMENG;F;;     0091
;017MEDJ35RYKGGTFIU03IM5UAPISEYHA;A; 0001;   52;    0;        1;0SCALE_QTY;0SCALE_QTY;I;;     0055
;017MEDJ35RYKGGTFIU03IM5UAPISEYHA;A; 0001;   53;    0;        0;WAVWR;WAVWR;F;;     0107
;017MEDJ35RYKGGTFIU03IM5UAPISEYHA;A; 0001;   53;    0;        1;0COST;0COST;I;;     0056
;017MEDJ35RYKGGTFIU03IM5UAPISEYHA;A; 0001;   54;    0;        0;ANZFKPOS;ANZFKPOS;F;;     0115
;017MEDJ35RYKGGTFIU03IM5UAPISEYHA;A; 0001;   54;    0;        1;0NO_INV_IT;0NO_INV_IT;I;;     0057
;017MEDJ35RYKGGTFIU03IM5UAPISEYHA;A; 0001;   55;    0;        0;KZWI1;KZWI1;F;;     0062
;017MEDJ35RYKGGTFIU03IM5UAPISEYHA;A; 0001;   55;    0;        1;0SUBTOTAL_1;0SUBTOTAL_1;I;;     0058
;017MEDJ35RYKGGTFIU03IM5UAPISEYHA;A; 0001;   56;    0;        0;KZWI2;KZWI2;F;;     0063
;017MEDJ35RYKGGTFIU03IM5UAPISEYHA;A; 0001;   56;    0;        1;0SUBTOTAL_2;0SUBTOTAL_2;I;;     0059
;017MEDJ35RYKGGTFIU03IM5UAPISEYHA;A; 0001;   57;    0;        0;KZWI3;KZWI3;F;;     0064
;017MEDJ35RYKGGTFIU03IM5UAPISEYHA;A; 0001;   57;    0;        1;0SUBTOTAL_3;0SUBTOTAL_3;I;;     0060
;017MEDJ35RYKGGTFIU03IM5UAPISEYHA;A; 0001;   58;    0;        0;KZWI4;KZWI4;F;;     0065
;017MEDJ35RYKGGTFIU03IM5UAPISEYHA;A; 0001;   58;    0;        1;0SUBTOTAL_4;0SUBTOTAL_4;I;;     0061
;017MEDJ35RYKGGTFIU03IM5UAPISEYHA;A; 0001;   59;    0;        0;KZWI5;KZWI5;F;;     0066
;017MEDJ35RYKGGTFIU03IM5UAPISEYHA;A; 0001;   59;    0;        1;0SUBTOTAL_5;0SUBTOTAL_5;I;;     0062
;017MEDJ35RYKGGTFIU03IM5UAPISEYHA;A; 0001;   60;    0;        0;KZWI6;KZWI6;F;;     0067
;017MEDJ35RYKGGTFIU03IM5UAPISEYHA;A; 0001;   60;    0;        1;0SUBTOTAL_6;0SUBTOTAL_6;I;;     0063
;017MEDJ35RYKGGTFIU03IM5UAPISEYHA;A; 0001;   61;    0;        0;NETWR;NETWR;F;;     0080
;017MEDJ35RYKGGTFIU03IM5UAPISEYHA;A; 0001;   61;    0;        1;0NETVAL_INV;0NETVAL_INV;I;;     0064
;017MEDJ35RYKGGTFIU03IM5UAPISEYHA;A; 0001;   62;    0;        0;STCUR;STCUR;F;;     0095
;017MEDJ35RYKGGTFIU03IM5UAPISEYHA;A; 0001;   62;    0;        1;0EXCHG_STAT;0EXCHG_STAT;I;;     0065
;017MEDJ35RYKGGTFIU03IM5UAPISEYHA;A; 0001;   63;    0;        0;BRTWR;BRTWR;F;;     0041
;017MEDJ35RYKGGTFIU03IM5UAPISEYHA;A; 0001;   63;    0;        1;0GROSS_VAL;0GROSS_VAL;I;;     0066
;017MEDJ35RYKGGTFIU03IM5UAPISEYHA;A; 0001;   64;    0;        0;BUCHK;BUCHK;F;;     0003
;017MEDJ35RYKGGTFIU03IM5UAPISEYHA;A; 0001;   64;    0;        1;MBBUCHK;MBBUCHK;I;;     0067
;017MEDJ35RYKGGTFIU03IM5UAPISEYHA;A; 0001;   65;    0;        0;GBSTK;GBSTK;F;;     0008
;017MEDJ35RYKGGTFIU03IM5UAPISEYHA;A; 0001;   65;    0;        1;MBGBSTK;MBGBSTK;I;;     0068
;017MEDJ35RYKGGTFIU03IM5UAPISEYHA;A; 0001;   66;    0;        0;RFBSK;RFBSK;F;;     0032
;017MEDJ35RYKGGTFIU03IM5UAPISEYHA;A; 0001;   66;    0;        1;MBRFBSK;MBRFBSK;I;;     0069
;017MEDJ35RYKGGTFIU03IM5UAPISEYHA;A; 0001;   67;    0;        0;KDGRP;KDGRP;F;;     0018
;017MEDJ35RYKGGTFIU03IM5UAPISEYHA;A; 0001;   67;    0;        1;MECUGROUP;MECUGROUP;I;;     0070
;017MEDJ35RYKGGTFIU03IM5UAPISEYHA;A; 0001;   68;    0;        0;SFAKN;SFAKN;F;;     0033
;017MEDJ35RYKGGTFIU03IM5UAPISEYHA;A; 0001;   68;    0;        1;MBSFAKN;MBSFAKN;I;;     0071
;017MEDJ35RYKGGTFIU03IM5UAPISEYHA;A; 0001;   69;    0;        0;VBUND;VBUND;F;;     0034
;017MEDJ35RYKGGTFIU03IM5UAPISEYHA;A; 0001;   69;    0;        1;MESLPART;MESLPART;I;;     0072
;017MEDJ35RYKGGTFIU03IM5UAPISEYHA;A; 0001;   70;    0;        0;PRCTR;PRCTR;F;;     0111
;017MEDJ35RYKGGTFIU03IM5UAPISEYHA;A; 0001;   70;    0;        1;MEPRCTR;MEPRCTR;I;;     0073
;017MEDJ35RYKGGTFIU03IM5UAPISEYHA;A; 0001;   71;    0;        0;SHKZG;SHKZG;F;;     0112
;017MEDJ35RYKGGTFIU03IM5UAPISEYHA;A; 0001;   71;    0;        1;MBRETITM;MBRETITM;I;;     0074
;017MEDJ35RYKGGTFIU03IM5UAPISEYHA;A; 0001;   72;    0;        0;ZZFKIVP;ZZFKIVP;F;;     0119
;017MEDJ35RYKGGTFIU03IM5UAPISEYHA;A; 0001;   72;    0;        1;MBFKIVP;MBFKIVP;I;;     0075
;017MEDJ35RYKGGTFIU03IM5UAPISEYHA;A; 0001;   73;    0;        0;ZZFKSTA;ZZFKSTA;F;;     0118
;017MEDJ35RYKGGTFIU03IM5UAPISEYHA;A; 0001;   73;    0;        1;MBFKSTA;MBFKSTA;I;;     0076
;02PVPRV4O8FF7OCSM6AJSMW88C5WE6WP;A; 0001;    1;    0;        0;ROCANCEL;ROCANCEL;F;;     0001
;02PVPRV4O8FF7OCSM6AJSMW88C5WE6WP;A; 0001;    1;    0;        1;0RECORDMODE;0RECORDMODE;I;;     0006
;02PVPRV4O8FF7OCSM6AJSMW88C5WE6WP;A; 0001;    2;    0;        0;VBELN;VBELN;F;;     0002
;02PVPRV4O8FF7OCSM6AJSMW88C5WE6WP;A; 0001;    2;    0;        1;MBDELNUM;MBDELNUM;I;X;     0004
;02PVPRV4O8FF7OCSM6AJSMW88C5WE6WP;A; 0001;    3;    0;        0;POSNR;POSNR;F;;     0020
;02PVPRV4O8FF7OCSM6AJSMW88C5WE6WP;A; 0001;    3;    0;        1;MBDELITM;MBDELITM;I;X;     0005
;02PVPRV4O8FF7OCSM6AJSMW88C5WE6WP;A; 0001;    4;    0;        0;VGBEL;VGBEL;F;;     0112
;02PVPRV4O8FF7OCSM6AJSMW88C5WE6WP;A; 0001;    4;    0;        1;MBORDNUM;MBORDNUM;I;;     0007
;02PVPRV4O8FF7OCSM6AJSMW88C5WE6WP;A; 0001;    5;    0;        0;VGPOS;VGPOS;F;;     0113
;02PVPRV4O8FF7OCSM6AJSMW88C5WE6WP;A; 0001;    5;    0;        1;MBORDITM;MBORDITM;I;;     0008
;02PVPRV4O8FF7OCSM6AJSMW88C5WE6WP;A; 0001;    6;    0;        0;AEDAT;AEDAT;F;;     0063
;02PVPRV4O8FF7OCSM6AJSMW88C5WE6WP;A; 0001;    6;    0;        1;0CH_ON;0CH_ON;I;;     0009
;02PVPRV4O8FF7OCSM6AJSMW88C5WE6WP;A; 0001;    7;    0;        0;ERDAT;ERDAT;F;;     0070
;02PVPRV4O8FF7OCSM6AJSMW88C5WE6WP;A; 0001;    7;    0;        1;0CREATEDON;0CREATEDON;I;;     0010
;02PVPRV4O8FF7OCSM6AJSMW88C5WE6WP;A; 0001;    8;    0;        0;WADAT;WADAT;F;;     0049
;02PVPRV4O8FF7OCSM6AJSMW88C5WE6WP;A; 0001;    8;    0;        1;0GI_DATE;0GI_DATE;I;;     0011
;02PVPRV4O8FF7OCSM6AJSMW88C5WE6WP;A; 0001;    9;    0;        0;MBDAT;MBDAT;F;;     0134
;02PVPRV4O8FF7OCSM6AJSMW88C5WE6WP;A; 0001;    9;    0;        1;0MATAV_DATE;0MATAV_DATE;I;;     0012
;02PVPRV4O8FF7OCSM6AJSMW88C5WE6WP;A; 0001;   10;    0;        0;TDDAT;TDDAT;F;;     0056
;02PVPRV4O8FF7OCSM6AJSMW88C5WE6WP;A; 0001;   10;    0;        1;0TRNSD_DATE;0TRNSD_DATE;I;;     0013
;02PVPRV4O8FF7OCSM6AJSMW88C5WE6WP;A; 0001;   11;    0;        0;WADAT_IST;WADAT_IST;F;;     0050
;02PVPRV4O8FF7OCSM6AJSMW88C5WE6WP;A; 0001;   11;    0;        1;0ACT_GI_DTE;0ACT_GI_DTE;I;;     0014
;02PVPRV4O8FF7OCSM6AJSMW88C5WE6WP;A; 0001;   12;    0;        0;ABTNR;ABTNR;F;;     0122
;02PVPRV4O8FF7OCSM6AJSMW88C5WE6WP;A; 0001;   12;    0;        1;MBABTNR;MBABTNR;I;;     0015
;02PVPRV4O8FF7OCSM6AJSMW88C5WE6WP;A; 0001;   13;    0;        0;FAKSK;FAKSK;F;;     0034
;02PVPRV4O8FF7OCSM6AJSMW88C5WE6WP;A; 0001;   13;    0;        1;MBBILLBLK;MBBILLBLK;I;;     0016
;02PVPRV4O8FF7OCSM6AJSMW88C5WE6WP;A; 0001;   14;    0;        0;FKREL;FKREL;F;;     0125
;02PVPRV4O8FF7OCSM6AJSMW88C5WE6WP;A; 0001;   14;    0;        1;MBBILREV;MBBILREV;I;;     0017
;02PVPRV4O8FF7OCSM6AJSMW88C5WE6WP;A; 0001;   15;    0;        0;FKARV;FKARV;F;;     0051
;02PVPRV4O8FF7OCSM6AJSMW88C5WE6WP;A; 0001;   15;    0;        1;MBBILTYP;MBBILTYP;I;;     0018
;02PVPRV4O8FF7OCSM6AJSMW88C5WE6WP;A; 0001;   16;    0;        0;CMGST;CMGST;F;;     0003
;02PVPRV4O8FF7OCSM6AJSMW88C5WE6WP;A; 0001;   16;    0;        1;MBCMGST;MBCMGST;I;;     0019
;02PVPRV4O8FF7OCSM6AJSMW88C5WE6WP;A; 0001;   18;    0;        0;LIFSK;LIFSK;F;;     0043
;02PVPRV4O8FF7OCSM6AJSMW88C5WE6WP;A; 0001;   18;    0;        1;MBDELBLK;MBDELBLK;I;;     0021
;02PVPRV4O8FF7OCSM6AJSMW88C5WE6WP;A; 0001;   19;    0;        0;LFART;LFART;F;;     0040
;02PVPRV4O8FF7OCSM6AJSMW88C5WE6WP;A; 0001;   19;    0;        1;MBDELTYPE;MBDELTYPE;I;;     0022
;02PVPRV4O8FF7OCSM6AJSMW88C5WE6WP;A; 0001;   20;    0;        0;FAKSP;FAKSP;F;;     0073
;02PVPRV4O8FF7OCSM6AJSMW88C5WE6WP;A; 0001;   20;    0;        1;MBFAKSP;MBFAKSP;I;;     0023
;02PVPRV4O8FF7OCSM6AJSMW88C5WE6WP;A; 0001;   21;    0;        0;FKIVK;FKIVK;F;;     0004
;02PVPRV4O8FF7OCSM6AJSMW88C5WE6WP;A; 0001;   21;    0;        1;MBFKIVK;MBFKIVK;I;;     0024
;02PVPRV4O8FF7OCSM6AJSMW88C5WE6WP;A; 0001;   23;    0;        0;PSPDNR;PSPDNR;F;;     0103
;02PVPRV4O8FF7OCSM6AJSMW88C5WE6WP;A; 0001;   23;    0;        1;MBFORWAG;MBFORWAG;I;;     0026
;02PVPRV4O8FF7OCSM6AJSMW88C5WE6WP;A; 0001;   24;    0;        0;FSSTA;FSSTA;F;;     0022
;02PVPRV4O8FF7OCSM6AJSMW88C5WE6WP;A; 0001;   24;    0;        1;MBFSSTA;MBFSSTA;I;;     0027
;02PVPRV4O8FF7OCSM6AJSMW88C5WE6WP;A; 0001;   25;    0;        0;FSSTK;FSSTK;F;;     0005
;02PVPRV4O8FF7OCSM6AJSMW88C5WE6WP;A; 0001;   25;    0;        1;MBFSSTK;MBFSSTK;I;;     0028
;02PVPRV4O8FF7OCSM6AJSMW88C5WE6WP;A; 0001;   26;    0;        0;XABLN;XABLN;F;;     0062
;02PVPRV4O8FF7OCSM6AJSMW88C5WE6WP;A; 0001;   26;    0;        1;MBGMDOCN;MBGMDOCN;I;;     0029
;02PVPRV4O8FF7OCSM6AJSMW88C5WE6WP;A; 0001;   27;    0;        0;INCO1;INCO1;F;;     0035
;02PVPRV4O8FF7OCSM6AJSMW88C5WE6WP;A; 0001;   27;    0;        1;MBINCO1;MBINCO1;I;;     0030
;02PVPRV4O8FF7OCSM6AJSMW88C5WE6WP;A; 0001;   28;    0;        0;INCO2;INCO2;F;;     0036
;02PVPRV4O8FF7OCSM6AJSMW88C5WE6WP;A; 0001;   28;    0;        1;MBINCO2;MBINCO2;I;;     0031
;02PVPRV4O8FF7OCSM6AJSMW88C5WE6WP;A; 0001;   29;    0;        0;KODAT;KODAT;F;;     0052
;02PVPRV4O8FF7OCSM6AJSMW88C5WE6WP;A; 0001;   29;    0;        1;MBKODAT;MBKODAT;I;;     0032
;02PVPRV4O8FF7OCSM6AJSMW88C5WE6WP;A; 0001;   30;    0;        0;KOQUA;KOQUA;F;;     0018
;02PVPRV4O8FF7OCSM6AJSMW88C5WE6WP;A; 0001;   30;    0;        1;MBKOQUA;MBKOQUA;I;;     0033
;02PVPRV4O8FF7OCSM6AJSMW88C5WE6WP;A; 0001;   32;    0;        0;KOSTA;KOSTA;F;;     0019
;02PVPRV4O8FF7OCSM6AJSMW88C5WE6WP;A; 0001;   32;    0;        1;MBKOSTA;MBKOSTA;I;;     0035
;02PVPRV4O8FF7OCSM6AJSMW88C5WE6WP;A; 0001;   33;    0;        0;KOSTK;KOSTK;F;;     0006
;02PVPRV4O8FF7OCSM6AJSMW88C5WE6WP;A; 0001;   33;    0;        1;MBKOSTK;MBKOSTK;I;;     0036
;02PVPRV4O8FF7OCSM6AJSMW88C5WE6WP;A; 0001;   34;    0;        0;KZTLF;KZTLF;F;;     0131
;02PVPRV4O8FF7OCSM6AJSMW88C5WE6WP;A; 0001;   34;    0;        1;MBKZTLF;MBKZTLF;I;;     0037
;02PVPRV4O8FF7OCSM6AJSMW88C5WE6WP;A; 0001;   35;    0;        0;KZUML;KZUML;F;;     0132
;02PVPRV4O8FF7OCSM6AJSMW88C5WE6WP;A; 0001;   35;    0;        1;MBKZUML;MBKZUML;I;;     0038
;02PVPRV4O8FF7OCSM6AJSMW88C5WE6WP;A; 0001;   36;    0;        0;KZWAB;KZWAB;F;;     0053
;02PVPRV4O8FF7OCSM6AJSMW88C5WE6WP;A; 0001;   36;    0;        1;MBKZWAB;MBKZWAB;I;;     0039
;02PVPRV4O8FF7OCSM6AJSMW88C5WE6WP;A; 0001;   38;    0;        0;LFGSK;LFGSK;F;;     0007
;02PVPRV4O8FF7OCSM6AJSMW88C5WE6WP;A; 0001;   38;    0;        1;MBLFGSK;MBLFGSK;I;;     0041
;02PVPRV4O8FF7OCSM6AJSMW88C5WE6WP;A; 0001;   40;    0;        0;LFSTK;LFSTK;F;;     0008
;02PVPRV4O8FF7OCSM6AJSMW88C5WE6WP;A; 0001;   40;    0;        1;MBLFSTK;MBLFSTK;I;;     0043
;02PVPRV4O8FF7OCSM6AJSMW88C5WE6WP;A; 0001;   41;    0;        0;LSTEL;LSTEL;F;;     0044
;02PVPRV4O8FF7OCSM6AJSMW88C5WE6WP;A; 0001;   41;    0;        1;MBLOADPT;MBLOADPT;I;;     0044
;02PVPRV4O8FF7OCSM6AJSMW88C5WE6WP;A; 0001;   42;    0;        0;LSSTK;LSSTK;F;;     0009
;02PVPRV4O8FF7OCSM6AJSMW88C5WE6WP;A; 0001;   42;    0;        1;MBLSSTK;MBLSSTK;I;;     0045
;02PVPRV4O8FF7OCSM6AJSMW88C5WE6WP;A; 0001;   43;    0;        0;LVSTA;LVSTA;F;;     0023
;02PVPRV4O8FF7OCSM6AJSMW88C5WE6WP;A; 0001;   43;    0;        1;MBLVSTA;MBLVSTA;I;;     0046
;02PVPRV4O8FF7OCSM6AJSMW88C5WE6WP;A; 0001;   45;    0;        0;NOPCK;NOPCK;F;;     0135
;02PVPRV4O8FF7OCSM6AJSMW88C5WE6WP;A; 0001;   45;    0;        1;MBNOPCK;MBNOPCK;I;;     0048
;02PVPRV4O8FF7OCSM6AJSMW88C5WE6WP;A; 0001;   47;    0;        0;NOWAB;NOWAB;F;;     0136
;02PVPRV4O8FF7OCSM6AJSMW88C5WE6WP;A; 0001;   47;    0;        1;MBPICKIND;MBPICKIND;I;;     0050
;02PVPRV4O8FF7OCSM6AJSMW88C5WE6WP;A; 0001;   49;    0;        0;POSAR;POSAR;F;;     0101
;02PVPRV4O8FF7OCSM6AJSMW88C5WE6WP;A; 0001;   49;    0;        1;MBPOSAR;MBPOSAR;I;;     0052
;02PVPRV4O8FF7OCSM6AJSMW88C5WE6WP;A; 0001;   50;    0;        0;PSTYV;PSTYV;F;;     0104
;02PVPRV4O8FF7OCSM6AJSMW88C5WE6WP;A; 0001;   50;    0;        1;MBPSTYVL;MBPSTYVL;I;;     0053
;02PVPRV4O8FF7OCSM6AJSMW88C5WE6WP;A; 0001;   52;    0;        0;SHKZG;SHKZG;F;;     0138
;02PVPRV4O8FF7OCSM6AJSMW88C5WE6WP;A; 0001;   52;    0;        1;MBRETITM;MBRETITM;I;;     0055
;02PVPRV4O8FF7OCSM6AJSMW88C5WE6WP;A; 0001;   53;    0;        0;ROUTE;ROUTE;F;;     0045
;02PVPRV4O8FF7OCSM6AJSMW88C5WE6WP;A; 0001;   53;    0;        1;MBROUTE;MBROUTE;I;;     0056
;02PVPRV4O8FF7OCSM6AJSMW88C5WE6WP;A; 0001;   54;    0;        0;VSTEL;VSTEL;F;;     0048
;02PVPRV4O8FF7OCSM6AJSMW88C5WE6WP;A; 0001;   54;    0;        1;MBSHIPPT;MBSHIPPT;I;;     0057
;02PVPRV4O8FF7OCSM6AJSMW88C5WE6WP;A; 0001;   55;    0;        0;VSBED;VSBED;F;;     0060
;02PVPRV4O8FF7OCSM6AJSMW88C5WE6WP;A; 0001;   55;    0;        1;MBSHPCD;MBSHPCD;I;;     0058
;02PVPRV4O8FF7OCSM6AJSMW88C5WE6WP;A; 0001;   56;    0;        0;SPSTG;SPSTG;F;;     0010
;02PVPRV4O8FF7OCSM6AJSMW88C5WE6WP;A; 0001;   56;    0;        1;MBSPSTG;MBSPSTG;I;;     0059
;02PVPRV4O8FF7OCSM6AJSMW88C5WE6WP;A; 0001;   57;    0;        0;UVFAK;UVFAK;F;;     0026
;02PVPRV4O8FF7OCSM6AJSMW88C5WE6WP;A; 0001;   57;    0;        1;MBSTABILL;MBSTABILL;I;;     0060
;02PVPRV4O8FF7OCSM6AJSMW88C5WE6WP;A; 0001;   58;    0;        0;UVVLK;UVVLK;F;;     0029
;02PVPRV4O8FF7OCSM6AJSMW88C5WE6WP;A; 0001;   58;    0;        1;MBSTADEL;MBSTADEL;I;;     0061
;02PVPRV4O8FF7OCSM6AJSMW88C5WE6WP;A; 0001;   60;    0;        0;TRAID;TRAID;F;;     0057
;02PVPRV4O8FF7OCSM6AJSMW88C5WE6WP;A; 0001;   60;    0;        1;MBTRAID;MBTRAID;I;;     0063
;02PVPRV4O8FF7OCSM6AJSMW88C5WE6WP;A; 0001;   61;    0;        0;TRATY;TRATY;F;;     0058
;02PVPRV4O8FF7OCSM6AJSMW88C5WE6WP;A; 0001;   61;    0;        1;MBTRATY;MBTRATY;I;;     0064
;02PVPRV4O8FF7OCSM6AJSMW88C5WE6WP;A; 0001;   63;    0;        0;UMBSQ;UMBSQ;F;;     0139
;02PVPRV4O8FF7OCSM6AJSMW88C5WE6WP;A; 0001;   63;    0;        1;MBUMBSQ;MBUMBSQ;I;;     0066
;02PVPRV4O8FF7OCSM6AJSMW88C5WE6WP;A; 0001;   64;    0;        0;UMLGO;UMLGO;F;;     0140
;02PVPRV4O8FF7OCSM6AJSMW88C5WE6WP;A; 0001;   64;    0;        1;MBUMLGO;MBUMLGO;I;;     0067
;02PVPRV4O8FF7OCSM6AJSMW88C5WE6WP;A; 0001;   65;    0;        0;UMSOK;UMSOK;F;;     0141
;02PVPRV4O8FF7OCSM6AJSMW88C5WE6WP;A; 0001;   65;    0;        1;MBUMSOK;MBUMSOK;I;;     0068
;02PVPRV4O8FF7OCSM6AJSMW88C5WE6WP;A; 0001;   66;    0;        0;ABLAD;ABLAD;F;;     0031
;02PVPRV4O8FF7OCSM6AJSMW88C5WE6WP;A; 0001;   66;    0;        1;MBUNLOAD;MBUNLOAD;I;;     0069
;02PVPRV4O8FF7OCSM6AJSMW88C5WE6WP;A; 0001;   67;    0;        0;USONU;USONU;F;;     0143
;02PVPRV4O8FF7OCSM6AJSMW88C5WE6WP;A; 0001;   67;    0;        1;MBUSONU;MBUSONU;I;;     0070
;02PVPRV4O8FF7OCSM6AJSMW88C5WE6WP;A; 0001;   68;    0;        0;UVALL;UVALL;F;;     0025
;02PVPRV4O8FF7OCSM6AJSMW88C5WE6WP;A; 0001;   68;    0;        1;MBUVALL;MBUVALL;I;;     0071
;02PVPRV4O8FF7OCSM6AJSMW88C5WE6WP;A; 0001;   69;    0;        0;UVALS;UVALS;F;;     0012
;02PVPRV4O8FF7OCSM6AJSMW88C5WE6WP;A; 0001;   69;    0;        1;MBUVALS;MBUVALS;I;;     0072
;02PVPRV4O8FF7OCSM6AJSMW88C5WE6WP;A; 0001;   70;    0;        0;SPARA;SPARA;F;;     0161
;02PVPRV4O8FF7OCSM6AJSMW88C5WE6WP;A; 0001;   70;    0;        1;MEDIVISIO;MEDIVISIO;I;;     0132
;02PVPRV4O8FF7OCSM6AJSMW88C5WE6WP;A; 0001;   71;    0;        0;UVPAK;UVPAK;F;;     0027
;02PVPRV4O8FF7OCSM6AJSMW88C5WE6WP;A; 0001;   71;    0;        1;MBUVPAK;MBUVPAK;I;;     0074
;02PVPRV4O8FF7OCSM6AJSMW88C5WE6WP;A; 0001;   72;    0;        0;UVPAS;UVPAS;F;;     0013
;02PVPRV4O8FF7OCSM6AJSMW88C5WE6WP;A; 0001;   72;    0;        1;MBUVPAS;MBUVPAS;I;;     0075
;02PVPRV4O8FF7OCSM6AJSMW88C5WE6WP;A; 0001;   73;    0;        0;UVPIK;UVPIK;F;;     0028
;02PVPRV4O8FF7OCSM6AJSMW88C5WE6WP;A; 0001;   73;    0;        1;MBUVPIK;MBUVPIK;I;;     0076
;02PVPRV4O8FF7OCSM6AJSMW88C5WE6WP;A; 0001;   74;    0;        0;UVPIS;UVPIS;F;;     0014
;02PVPRV4O8FF7OCSM6AJSMW88C5WE6WP;A; 0001;   74;    0;        1;MBUVPIS;MBUVPIS;I;;     0077
;02PVPRV4O8FF7OCSM6AJSMW88C5WE6WP;A; 0001;   75;    0;        0;WERKS;WERKS;F;;     0121
;02PVPRV4O8FF7OCSM6AJSMW88C5WE6WP;A; 0001;   75;    0;        1;MEPLANT;MEPLANT;I;;     0078
;02PVPRV4O8FF7OCSM6AJSMW88C5WE6WP;A; 0001;   76;    0;        0;VTWEG;VTWEG;F;;     0162
;02PVPRV4O8FF7OCSM6AJSMW88C5WE6WP;A; 0001;   76;    0;        1;MEDISCHAN;MEDISCHAN;I;;     0133
;02PVPRV4O8FF7OCSM6AJSMW88C5WE6WP;A; 0001;   77;    0;        0;UVWAK;UVWAK;F;;     0030
;02PVPRV4O8FF7OCSM6AJSMW88C5WE6WP;A; 0001;   77;    0;        1;MBUVWAK;MBUVWAK;I;;     0080
;02PVPRV4O8FF7OCSM6AJSMW88C5WE6WP;A; 0001;   78;    0;        0;UVWAS;UVWAS;F;;     0015
;02PVPRV4O8FF7OCSM6AJSMW88C5WE6WP;A; 0001;   78;    0;        1;MBUVWAS;MBUVWAS;I;;     0081
;02PVPRV4O8FF7OCSM6AJSMW88C5WE6WP;A; 0001;   79;    0;        0;VBOBJ;VBOBJ;F;;     0016
;02PVPRV4O8FF7OCSM6AJSMW88C5WE6WP;A; 0001;   79;    0;        1;MBVBOBJ;MBVBOBJ;I;;     0082
;02PVPRV4O8FF7OCSM6AJSMW88C5WE6WP;A; 0001;   80;    0;        0;VBTYP;VBTYP;F;;     0046
;02PVPRV4O8FF7OCSM6AJSMW88C5WE6WP;A; 0001;   80;    0;        1;MBVBTYP;MBVBTYP;I;;     0083
;02PVPRV4O8FF7OCSM6AJSMW88C5WE6WP;A; 0001;   81;    0;        0;VGTYP;VGTYP;F;;     0114
;02PVPRV4O8FF7OCSM6AJSMW88C5WE6WP;A; 0001;   81;    0;        1;MBVGTYP;MBVGTYP;I;;     0084
;02PVPRV4O8FF7OCSM6AJSMW88C5WE6WP;A; 0001;   82;    0;        0;VTWIV;VTWIV;F;;     0061
;02PVPRV4O8FF7OCSM6AJSMW88C5WE6WP;A; 0001;   82;    0;        1;MBVTWIV;MBVTWIV;I;;     0085
;02PVPRV4O8FF7OCSM6AJSMW88C5WE6WP;A; 0001;   83;    0;        0;WBSTA;WBSTA;F;;     0021
;02PVPRV4O8FF7OCSM6AJSMW88C5WE6WP;A; 0001;   83;    0;        1;MBWBSTA;MBWBSTA;I;;     0086
;02PVPRV4O8FF7OCSM6AJSMW88C5WE6WP;A; 0001;   84;    0;        0;WBSTK;WBSTK;F;;     0017
;02PVPRV4O8FF7OCSM6AJSMW88C5WE6WP;A; 0001;   84;    0;        1;MBWBSTK;MBWBSTK;I;;     0087
;02PVPRV4O8FF7OCSM6AJSMW88C5WE6WP;A; 0001;   85;    0;        0;KOSTL;KOSTL;F;;     0129
;02PVPRV4O8FF7OCSM6AJSMW88C5WE6WP;A; 0001;   85;    0;        1;MECCENTER;MECCENTER;I;;     0088
;02PVPRV4O8FF7OCSM6AJSMW88C5WE6WP;A; 0001;   86;    0;        0;BUKRS;BUKRS;F;;     0032
;02PVPRV4O8FF7OCSM6AJSMW88C5WE6WP;A; 0001;   86;    0;        1;MECOMPCOD;MECOMPCOD;I;;     0089
;02PVPRV4O8FF7OCSM6AJSMW88C5WE6WP;A; 0001;   87;    0;        0;KOKRS;KOKRS;F;;     0127
;02PVPRV4O8FF7OCSM6AJSMW88C5WE6WP;A; 0001;   87;    0;        1;MECO_AREA;MECO_AREA;I;;     0090
;02PVPRV4O8FF7OCSM6AJSMW88C5WE6WP;A; 0001;   88;    0;        0;KVGR2;KVGR2;F;;     0078
;02PVPRV4O8FF7OCSM6AJSMW88C5WE6WP;A; 0001;   88;    0;        1;MECUGRP2;MECUGRP2;I;;     0091
;02PVPRV4O8FF7OCSM6AJSMW88C5WE6WP;A; 0001;   89;    0;        0;KNTTP;KNTTP;F;;     0126
;02PVPRV4O8FF7OCSM6AJSMW88C5WE6WP;A; 0001;   89;    0;        1;MEKNTTP;MEKNTTP;I;;     0092
;02PVPRV4O8FF7OCSM6AJSMW88C5WE6WP;A; 0001;   90;    0;        0;MATNR;MATNR;F;;     0090
;02PVPRV4O8FF7OCSM6AJSMW88C5WE6WP;A; 0001;   90;    0;        1;MEMATER;MEMATER;I;;     0093
;02PVPRV4O8FF7OCSM6AJSMW88C5WE6WP;A; 0001;   91;    0;        0;PRCTR;PRCTR;F;;     0137
;02PVPRV4O8FF7OCSM6AJSMW88C5WE6WP;A; 0001;   91;    0;        1;MEPRCTR;MEPRCTR;I;;     0094
;02PVPRV4O8FF7OCSM6AJSMW88C5WE6WP;A; 0001;   92;    0;        0;VKORG;VKORG;F;;     0047
;02PVPRV4O8FF7OCSM6AJSMW88C5WE6WP;A; 0001;   92;    0;        1;MESALEORG;MESALEORG;I;;     0095
;02PVPRV4O8FF7OCSM6AJSMW88C5WE6WP;A; 0001;   93;    0;        0;KUNNR;KUNNR;F;;     0039
;02PVPRV4O8FF7OCSM6AJSMW88C5WE6WP;A; 0001;   93;    0;        1;MESHIP_TO;MESHIP_TO;I;;     0096
;02PVPRV4O8FF7OCSM6AJSMW88C5WE6WP;A; 0001;   94;    0;        0;KUNAG;KUNAG;F;;     0038
;02PVPRV4O8FF7OCSM6AJSMW88C5WE6WP;A; 0001;   94;    0;        1;MESOLD_TO;MESOLD_TO;I;;     0097
;02PVPRV4O8FF7OCSM6AJSMW88C5WE6WP;A; 0001;   95;    0;        0;TCODE;TCODE;F;;     0055
;02PVPRV4O8FF7OCSM6AJSMW88C5WE6WP;A; 0001;   95;    0;        1;METCODE;METCODE;I;;     0098
;02PVPRV4O8FF7OCSM6AJSMW88C5WE6WP;A; 0001;   96;    0;        0;ZZFKIVP;ZZFKIVP;F;;     0170
;02PVPRV4O8FF7OCSM6AJSMW88C5WE6WP;A; 0001;   96;    0;        1;MBFKIVP;MBFKIVP;I;;     0140
;02PVPRV4O8FF7OCSM6AJSMW88C5WE6WP;A; 0001;   97;    0;        0;LLAND;LLAND;F;;     0133
;02PVPRV4O8FF7OCSM6AJSMW88C5WE6WP;A; 0001;   97;    0;        1;MBRECCTRY;MBRECCTRY;I;;     0128
;02PVPRV4O8FF7OCSM6AJSMW88C5WE6WP;A; 0001;   98;    0;        0;KZBEW;KZBEW;F;;     0130
;02PVPRV4O8FF7OCSM6AJSMW88C5WE6WP;A; 0001;   98;    0;        1;MEKZBEW;MEKZBEW;I;;     0101
;02PVPRV4O8FF7OCSM6AJSMW88C5WE6WP;A; 0001;   99;    0;        0;UMWRK;UMWRK;F;;     0142
;02PVPRV4O8FF7OCSM6AJSMW88C5WE6WP;A; 0001;   99;    0;        1;MEMOVEPLA;MEMOVEPLA;I;;     0102
;02PVPRV4O8FF7OCSM6AJSMW88C5WE6WP;A; 0001;  100;    0;        0;LGORT;LGORT;F;;     0086
;02PVPRV4O8FF7OCSM6AJSMW88C5WE6WP;A; 0001;  100;    0;        1;MESTORLOC;MESTORLOC;I;;     0103
;02PVPRV4O8FF7OCSM6AJSMW88C5WE6WP;A; 0001;  101;    0;        0;LIFNR;LIFNR;F;;     0042
;02PVPRV4O8FF7OCSM6AJSMW88C5WE6WP;A; 0001;  101;    0;        1;MEVENDOR;MEVENDOR;I;;     0104
;02PVPRV4O8FF7OCSM6AJSMW88C5WE6WP;A; 0001;  102;    0;        0;BWTAR;BWTAR;F;;     0124
;02PVPRV4O8FF7OCSM6AJSMW88C5WE6WP;A; 0001;  102;    0;        1;MUVALTYPE;MUVALTYPE;I;;     0105
;02PVPRV4O8FF7OCSM6AJSMW88C5WE6WP;A; 0001;  103;    0;        0;BWART;BWART;F;;     0123
;02PVPRV4O8FF7OCSM6AJSMW88C5WE6WP;A; 0001;  103;    0;        1;MAMOVETYP;MAMOVETYP;I;;     0106
;02PVPRV4O8FF7OCSM6AJSMW88C5WE6WP;A; 0001;  104;    0;        0;LGTYP;LGTYP;F;;     0088
;02PVPRV4O8FF7OCSM6AJSMW88C5WE6WP;A; 0001;  104;    0;        1;MASTRGETY;MASTRGETY;I;;     0107
;02PVPRV4O8FF7OCSM6AJSMW88C5WE6WP;A; 0001;  105;    0;        0;LGNUM;LGNUM;F;;     0085
;02PVPRV4O8FF7OCSM6AJSMW88C5WE6WP;A; 0001;  105;    0;        1;MAWHSENUM;MAWHSENUM;I;;     0108
;02PVPRV4O8FF7OCSM6AJSMW88C5WE6WP;A; 0001;  106;    0;        0;LFDAT;LFDAT;F;;     0041
;02PVPRV4O8FF7OCSM6AJSMW88C5WE6WP;A; 0001;  106;    0;        1;0SHIP_DATE;0SHIP_DATE;I;;     0109
;02PVPRV4O8FF7OCSM6AJSMW88C5WE6WP;A; 0001;  107;    0;        0;VDATU;VDATU;F;;     0111
;02PVPRV4O8FF7OCSM6AJSMW88C5WE6WP;A; 0001;  107;    0;        1;0ST_UP_DTE;0ST_UP_DTE;I;;     0110
;02PVPRV4O8FF7OCSM6AJSMW88C5WE6WP;A; 0001;  108;    0;        0;TRSTA;TRSTA;F;;     0011
;02PVPRV4O8FF7OCSM6AJSMW88C5WE6WP;A; 0001;  108;    0;        1;MBTRSTA;MBTRSTA;I;;     0111
;02PVPRV4O8FF7OCSM6AJSMW88C5WE6WP;A; 0001;  109;    0;        0;LDDAT;LDDAT;F;;     0054
;02PVPRV4O8FF7OCSM6AJSMW88C5WE6WP;A; 0001;  109;    0;        1;0APO_LOADAT;0APO_LOADAT;I;;     0112
;02PVPRV4O8FF7OCSM6AJSMW88C5WE6WP;A; 0001;  110;    0;        0;LGMNG;LGMNG;F;;     0084
;02PVPRV4O8FF7OCSM6AJSMW88C5WE6WP;A; 0001;  110;    0;        1;0ACT_DL_QTY;0ACT_DL_QTY;I;;     0113
;02PVPRV4O8FF7OCSM6AJSMW88C5WE6WP;A; 0001;  111;    0;        0;LFIMG;LFIMG;F;;     0083
;02PVPRV4O8FF7OCSM6AJSMW88C5WE6WP;A; 0001;  111;    0;        1;0DLV_QTY;0DLV_QTY;I;;     0114
;02PVPRV4O8FF7OCSM6AJSMW88C5WE6WP;A; 0001;  112;    0;        0;MEINS;MEINS;F;;     0092
;02PVPRV4O8FF7OCSM6AJSMW88C5WE6WP;A; 0001;  112;    0;        1;0BASE_UOM;0BASE_UOM;I;;     0115
;02PVPRV4O8FF7OCSM6AJSMW88C5WE6WP;A; 0001;  113;    0;        0;VRKME;VRKME;F;;     0119
;02PVPRV4O8FF7OCSM6AJSMW88C5WE6WP;A; 0001;  113;    0;        1;0SALES_UNIT;0SALES_UNIT;I;;     0116
;02PVPRV4O8FF7OCSM6AJSMW88C5WE6WP;A; 0001;  114;    0;        0;VBEAF;VBEAF;F;;     0109
;02PVPRV4O8FF7OCSM6AJSMW88C5WE6WP;A; 0001;  114;    0;        1;0SHP_PR_TMF;0SHP_PR_TMF;I;;     0117
;02PVPRV4O8FF7OCSM6AJSMW88C5WE6WP;A; 0001;  115;    0;        0;VBEAV;VBEAV;F;;     0110
;02PVPRV4O8FF7OCSM6AJSMW88C5WE6WP;A; 0001;  115;    0;        1;0SHP_PR_TMV;0SHP_PR_TMV;I;;     0118
;02PVPRV4O8FF7OCSM6AJSMW88C5WE6WP;A; 0001;  116;    0;        0;NTGEW;NTGEW;F;;     0098
;02PVPRV4O8FF7OCSM6AJSMW88C5WE6WP;A; 0001;  116;    0;        1;0NET_WGT_DL;0NET_WGT_DL;I;;     0119
;02PVPRV4O8FF7OCSM6AJSMW88C5WE6WP;A; 0001;  117;    0;        0;GEWEI;GEWEI;F;;     0074
;02PVPRV4O8FF7OCSM6AJSMW88C5WE6WP;A; 0001;  117;    0;        1;0UNIT_OF_WT;0UNIT_OF_WT;I;;     0120
;02PVPRV4O8FF7OCSM6AJSMW88C5WE6WP;A; 0001;  118;    0;        0;BRGEW;BRGEW;F;;     0065
;02PVPRV4O8FF7OCSM6AJSMW88C5WE6WP;A; 0001;  118;    0;        1;0GRS_WGT_DL;0GRS_WGT_DL;I;;     0121
;02PVPRV4O8FF7OCSM6AJSMW88C5WE6WP;A; 0001;  119;    0;        0;VOLUM;VOLUM;F;;     0118
;02PVPRV4O8FF7OCSM6AJSMW88C5WE6WP;A; 0001;  119;    0;        1;0VOLUME_DL;0VOLUME_DL;I;;     0122
;02PVPRV4O8FF7OCSM6AJSMW88C5WE6WP;A; 0001;  120;    0;        0;VOLEH;VOLEH;F;;     0117
;02PVPRV4O8FF7OCSM6AJSMW88C5WE6WP;A; 0001;  120;    0;        1;0VOLUMEUNIT;0VOLUMEUNIT;I;;     0123
;02PVPRV4O8FF7OCSM6AJSMW88C5WE6WP;A; 0001;  121;    0;        0;ZZFKSTA;ZZFKSTA;F;;     0166
;02PVPRV4O8FF7OCSM6AJSMW88C5WE6WP;A; 0001;  121;    0;        1;MBFKSTA;MBFKSTA;I;;     0141
;02PVPRV4O8FF7OCSM6AJSMW88C5WE6WP;A; 0001;  122;    0;        0;FKAIV;FKAIV;F;;     0168
;02PVPRV4O8FF7OCSM6AJSMW88C5WE6WP;A; 0001;  122;    0;        1;MBFKAIV;MBFKAIV;I;;     0136
;02PVPRV4O8FF7OCSM6AJSMW88C5WE6WP;A; 0001;  123;    0;        0;VKOIV;VKOIV;F;;     0167
;02PVPRV4O8FF7OCSM6AJSMW88C5WE6WP;A; 0001;  123;    0;        1;MBVKOIV;MBVKOIV;I;;     0137
;02PVPRV4O8FF7OCSM6AJSMW88C5WE6WP;A; 0001;  124;    0;        0;UECHA;UECHA;F;;     0169
;02PVPRV4O8FF7OCSM6AJSMW88C5WE6WP;A; 0001;  124;    0;        1;MBUECHA;MBUECHA;I;;     0138
;02PVPRV4O8FF7OCSM6AJSMW88C5WE6WP;A; 0001;  125;    0;        0;KUNIV;KUNIV;F;;     0066
;02PVPRV4O8FF7OCSM6AJSMW88C5WE6WP;A; 0001;  125;    0;        1;MEKUNIV;MEKUNIV;I;;     0139
;02PVPRV4O8FF7OCSM6AJSMW88C5WE6WP;A; 0001;  126;    0;        0;ROCANCEL;ROCANCEL;F;;     0001
;02PVPRV4O8FF7OCSM6AJSMW88C5WE6WP;A; 0001;  126;    0;        1;MBCANIND;MBCANIND;I;;     0134
;02PVPRV4O8FF7OCSM6AJSMW88C5WE6WP;A; 0001;  127;    0;        0;BZIRK;BZIRK;F;;     0059
;02PVPRV4O8FF7OCSM6AJSMW88C5WE6WP;A; 0001;  127;    0;        1;0SALES_DIST;0SALES_DIST;I;;     0135
;02PVPRV4O8FF7OCSM6AJSMW88C5WE6WP;A; 0001;  128;    0;        0;KDGRP;KDGRP;F;;     0064
;02PVPRV4O8FF7OCSM6AJSMW88C5WE6WP;A; 0001;  128;    0;        1;MBKDGRP;MBKDGRP;I;;     0142
;02PVPRV4O8FF7OCSM6AJSMW88C5WE6WP;A; 0001;  129;    0;        0;TRMTYP;TRMTYP;F;;     0075
;02PVPRV4O8FF7OCSM6AJSMW88C5WE6WP;A; 0001;  129;    0;        1;MBTRMTYP;MBTRMTYP;I;;     0143
;02PVPRV4O8FF7OCSM6AJSMW88C5WE6WP;A; 0001;  130;    0;        0;AKTNR;AKTNR;F;;     0080
;02PVPRV4O8FF7OCSM6AJSMW88C5WE6WP;A; 0001;  130;    0;        1;MBPROMO;MBPROMO;I;;     0144
;02PVPRV4O8FF7OCSM6AJSMW88C5WE6WP;A; 0001;  131;    0;        0;CHARG;CHARG;F;;     0089
;02PVPRV4O8FF7OCSM6AJSMW88C5WE6WP;A; 0001;  131;    0;        1;MEBATCH;MEBATCH;I;;     0145
;02PVPRV4O8FF7OCSM6AJSMW88C5WE6WP;A; 0001;  132;    0;        0;EAN11;EAN11;F;;     0091
;02PVPRV4O8FF7OCSM6AJSMW88C5WE6WP;A; 0001;  132;    0;        1;MEEANUPC;MEEANUPC;I;;     0146
;02PVPRV4O8FF7OCSM6AJSMW88C5WE6WP;A; 0001;  133;    0;        0;ERNAM;ERNAM;F;;     0093
;02PVPRV4O8FF7OCSM6AJSMW88C5WE6WP;A; 0001;  133;    0;        1;0CREATEDBY;0CREATEDBY;I;;     0147
;02PVPRV4O8FF7OCSM6AJSMW88C5WE6WP;A; 0001;  134;    0;        0;KVGR1;KVGR1;F;;     0097
;02PVPRV4O8FF7OCSM6AJSMW88C5WE6WP;A; 0001;  134;    0;        1;MECUGRP1;MECUGRP1;I;;     0148
;02PVPRV4O8FF7OCSM6AJSMW88C5WE6WP;A; 0001;  135;    0;        0;KVGR3;KVGR3;F;;     0099
;02PVPRV4O8FF7OCSM6AJSMW88C5WE6WP;A; 0001;  135;    0;        1;MECUGRP3;MECUGRP3;I;;     0149
;02PVPRV4O8FF7OCSM6AJSMW88C5WE6WP;A; 0001;  136;    0;        0;KVGR4;KVGR4;F;;     0100
;02PVPRV4O8FF7OCSM6AJSMW88C5WE6WP;A; 0001;  136;    0;        1;MECUGRP4;MECUGRP4;I;;     0150
;02PVPRV4O8FF7OCSM6AJSMW88C5WE6WP;A; 0001;  137;    0;        0;KVGR5;KVGR5;F;;     0102
;02PVPRV4O8FF7OCSM6AJSMW88C5WE6WP;A; 0001;  137;    0;        1;MECUGRP5;MECUGRP5;I;;     0151
;02PVPRV4O8FF7OCSM6AJSMW88C5WE6WP;A; 0001;  138;    0;        0;MATKL;MATKL;F;;     0107
;02PVPRV4O8FF7OCSM6AJSMW88C5WE6WP;A; 0001;  138;    0;        1;MEMATL_GR;MEMATL_GR;I;;     0152
;02PVPRV4O8FF7OCSM6AJSMW88C5WE6WP;A; 0001;  139;    0;        0;MATWA;MATWA;F;;     0108
;02PVPRV4O8FF7OCSM6AJSMW88C5WE6WP;A; 0001;  139;    0;        1;MBMATWA;MBMATWA;I;;     0153
;02PVPRV4O8FF7OCSM6AJSMW88C5WE6WP;A; 0001;  140;    0;        0;MVGR1;MVGR1;F;;     0115
;02PVPRV4O8FF7OCSM6AJSMW88C5WE6WP;A; 0001;  140;    0;        1;MEMVGR1;MEMVGR1;I;;     0154
;02PVPRV4O8FF7OCSM6AJSMW88C5WE6WP;A; 0001;  141;    0;        0;MVGR2;MVGR2;F;;     0116
;02PVPRV4O8FF7OCSM6AJSMW88C5WE6WP;A; 0001;  141;    0;        1;MEMVGR2;MEMVGR2;I;;     0155
;02PVPRV4O8FF7OCSM6AJSMW88C5WE6WP;A; 0001;  142;    0;        0;MVGR3;MVGR3;F;;     0120
;02PVPRV4O8FF7OCSM6AJSMW88C5WE6WP;A; 0001;  142;    0;        1;MEMVGR3;MEMVGR3;I;;     0156
;02PVPRV4O8FF7OCSM6AJSMW88C5WE6WP;A; 0001;  143;    0;        0;MVGR4;MVGR4;F;;     0128
;02PVPRV4O8FF7OCSM6AJSMW88C5WE6WP;A; 0001;  143;    0;        1;MEMVGR4;MEMVGR4;I;;     0157
;02PVPRV4O8FF7OCSM6AJSMW88C5WE6WP;A; 0001;  144;    0;        0;MVGR5;MVGR5;F;;     0155
;02PVPRV4O8FF7OCSM6AJSMW88C5WE6WP;A; 0001;  144;    0;        1;MEMVGR5;MEMVGR5;I;;     0158
;02PVPRV4O8FF7OCSM6AJSMW88C5WE6WP;A; 0001;  145;    0;        0;PVRTNR;PVRTNR;F;;     0159
;02PVPRV4O8FF7OCSM6AJSMW88C5WE6WP;A; 0001;  145;    0;        1;MBPVRTNR;MBPVRTNR;I;;     0159
;02PVPRV4O8FF7OCSM6AJSMW88C5WE6WP;A; 0001;  146;    0;        0;VKBUR;VKBUR;F;;     0165
;02PVPRV4O8FF7OCSM6AJSMW88C5WE6WP;A; 0001;  146;    0;        1;MESALOFF;MESALOFF;I;;     0160
;02PVPRV4O8FF7OCSM6AJSMW88C5WE6WP;A; 0001;  147;    0;        0;VKGRP;VKGRP;F;;     0171
;02PVPRV4O8FF7OCSM6AJSMW88C5WE6WP;A; 0001;  147;    0;        1;MESALGRP;MESALGRP;I;;     0161
;02PVPRV4O8FF7OCSM6AJSMW88C5WE6WP;A; 0001;  148;    0;        0;KONTO;KONTO;F;;     0172
;02PVPRV4O8FF7OCSM6AJSMW88C5WE6WP;A; 0001;  148;    0;        1;MDGLACCNT;MDGLACCNT;I;;     0162
;02PVPRV4O8FF7OCSM6AJSMW88C5WE6WP;A; 0001;  151;    0;        0;BLDAT;BLDAT;F;;     0067
;02PVPRV4O8FF7OCSM6AJSMW88C5WE6WP;A; 0001;  151;    0;        1;MBDOCDATE;MBDOCDATE;I;;     0165
;02PVPRV4O8FF7OCSM6AJSMW88C5WE6WP;A; 0001;  152;    0;        0;PODAT;PODAT;F;;     0069
;02PVPRV4O8FF7OCSM6AJSMW88C5WE6WP;A; 0001;  152;    0;        1;MBPODAT;MBPODAT;I;;     0166
;02PVPRV4O8FF7OCSM6AJSMW88C5WE6WP;A; 0001;  153;    0;        0;BOLNR;BOLNR;F;;     0068
;02PVPRV4O8FF7OCSM6AJSMW88C5WE6WP;A; 0001;  153;    0;        1;MBBOLNR;MBBOLNR;I;;     0167
;0MFIYPLCRITTE5NB4WCWXQZSR89GFY5G;A; 0001;    1;    0;        1;0RECORDMODE;0RECORDMODE;I;;     0006
;0MFIYPLCRITTE5NB4WCWXQZSR89GFY5G;A; 0001;    2;    0;        0;VBELN;VBELN;F;;     0009
;0MFIYPLCRITTE5NB4WCWXQZSR89GFY5G;A; 0001;    2;    0;        1;MBORDNUM;MBORDNUM;I;X;     0004
;0MFIYPLCRITTE5NB4WCWXQZSR89GFY5G;A; 0001;    3;    0;        0;POSNR;POSNR;F;;     0008
;0MFIYPLCRITTE5NB4WCWXQZSR89GFY5G;A; 0001;    3;    0;        1;MBORDITM;MBORDITM;I;X;     0005
;0MFIYPLCRITTE5NB4WCWXQZSR89GFY5G;A; 0001;    4;    0;        0;VBUK_VBTYP;VBUK_VBTYP;F;;     0010
;0MFIYPLCRITTE5NB4WCWXQZSR89GFY5G;A; 0001;    4;    0;        1;MBVBTYP;MBVBTYP;I;;     0007
;0MFIYPLCRITTE5NB4WCWXQZSR89GFY5G;A; 0001;    5;    0;        0;LFSTA;LFSTA;F;;     0007
;0MFIYPLCRITTE5NB4WCWXQZSR89GFY5G;A; 0001;    5;    0;        1;MBLFSTA;MBLFSTA;I;;     0008
;0MFIYPLCRITTE5NB4WCWXQZSR89GFY5G;A; 0001;    6;    0;        0;LFGSA;LFGSA;F;;     0006
;0MFIYPLCRITTE5NB4WCWXQZSR89GFY5G;A; 0001;    6;    0;        1;MBLFGSA;MBLFGSA;I;;     0009
;0MFIYPLCRITTE5NB4WCWXQZSR89GFY5G;A; 0001;    7;    0;        0;GBSTA;GBSTA;F;;     0005
;0MFIYPLCRITTE5NB4WCWXQZSR89GFY5G;A; 0001;    7;    0;        1;MBGBSTA;MBGBSTA;I;;     0010
;0MFIYPLCRITTE5NB4WCWXQZSR89GFY5G;A; 0001;    8;    0;        0;FKSTA;FKSTA;F;;     0004
;0MFIYPLCRITTE5NB4WCWXQZSR89GFY5G;A; 0001;    8;    0;        1;MBFKSTA;MBFKSTA;I;;     0011
;0MFIYPLCRITTE5NB4WCWXQZSR89GFY5G;A; 0001;    9;    0;        0;FKSAA;FKSAA;F;;     0003
;0MFIYPLCRITTE5NB4WCWXQZSR89GFY5G;A; 0001;    9;    0;        1;MBFKSAA;MBFKSAA;I;;     0012
;0MFIYPLCRITTE5NB4WCWXQZSR89GFY5G;A; 0001;   10;    0;        0;BESTA;BESTA;F;;     0002
;0MFIYPLCRITTE5NB4WCWXQZSR89GFY5G;A; 0001;   10;    0;        1;MBBESTA;MBBESTA;I;;     0013
;0MFIYPLCRITTE5NB4WCWXQZSR89GFY5G;A; 0001;   11;    0;        0;ZZFKIVP;ZZFKIVP;F;;     0011
;0MFIYPLCRITTE5NB4WCWXQZSR89GFY5G;A; 0001;   11;    0;        1;MBFKIVP;MBFKIVP;I;;     0014
;0MFIYPLCRITTE5NB4WCWXQZSR89GFY5G;A; 0001;   12;    0;        1;MBDATE;MBDATE;I;;     0016
;0MFIYPLCRITTE5NB4WCWXQZSR89GFY5G;A; 0001;   13;    0;        1;MBTIME;MBTIME;I;;     0017
;0MFIYPLCRITTE5NB4WCWXQZSR89GFY5G;A; 0001;   14;    0;        0;ROCANCEL;ROCANCEL;F;;     0012
;0MFIYPLCRITTE5NB4WCWXQZSR89GFY5G;A; 0001;   14;    0;        1;MBCANIND;MBCANIND;I;;     0018
;0OJUZ6DFRT7D49DRTBOF4KVKVVSFXU8P;A; 0001;    1;    0;        0;EDATU;EDATU;F;;     0011
;0OJUZ6DFRT7D49DRTBOF4KVKVVSFXU8P;A; 0001;    1;    0;        1;0REQ_DATE;0REQ_DATE;I;;     0010
;0OJUZ6DFRT7D49DRTBOF4KVKVVSFXU8P;A; 0001;    2;    0;        0;LDDAT;LDDAT;F;;     0014
;0OJUZ6DFRT7D49DRTBOF4KVKVVSFXU8P;A; 0001;    2;    0;        1;0LOAD_DATE;0LOAD_DATE;I;;     0011
;0OJUZ6DFRT7D49DRTBOF4KVKVVSFXU8P;A; 0001;    3;    0;        0;MBDAT;MBDAT;F;;     0017
;0OJUZ6DFRT7D49DRTBOF4KVKVVSFXU8P;A; 0001;    3;    0;        1;0MATAV_DATE;0MATAV_DATE;I;;     0012
;0OJUZ6DFRT7D49DRTBOF4KVKVVSFXU8P;A; 0001;    4;    0;        0;TDDAT;TDDAT;F;;     0019
;0OJUZ6DFRT7D49DRTBOF4KVKVVSFXU8P;A; 0001;    4;    0;        1;0TRNSD_DATE;0TRNSD_DATE;I;;     0013
;0OJUZ6DFRT7D49DRTBOF4KVKVVSFXU8P;A; 0001;    5;    0;        0;WLDATBE;WLDATBE;F;;     0022
;0OJUZ6DFRT7D49DRTBOF4KVKVVSFXU8P;A; 0001;    5;    0;        1;0DSDEL_DATE;0DSDEL_DATE;I;;     0014
;0OJUZ6DFRT7D49DRTBOF4KVKVVSFXU8P;A; 0001;    6;    0;        0;WADAT;WADAT;F;;     0021
;0OJUZ6DFRT7D49DRTBOF4KVKVVSFXU8P;A; 0001;    6;    0;        1;0GI_DATE;0GI_DATE;I;;     0015
;0OJUZ6DFRT7D49DRTBOF4KVKVVSFXU8P;A; 0001;    7;    0;        0;BMENG;BMENG;F;;     0009
;0OJUZ6DFRT7D49DRTBOF4KVKVVSFXU8P;A; 0001;    7;    0;        1;0CONF_QTY;0CONF_QTY;I;;     0016
;0OJUZ6DFRT7D49DRTBOF4KVKVVSFXU8P;A; 0001;    8;    0;        0;VRKME;VRKME;F;;     0020
;0OJUZ6DFRT7D49DRTBOF4KVKVVSFXU8P;A; 0001;    8;    0;        1;0SALES_UNIT;0SALES_UNIT;I;;     0017
;0OJUZ6DFRT7D49DRTBOF4KVKVVSFXU8P;A; 0001;    9;    0;        0;CMENG;CMENG;F;;     0010
;0OJUZ6DFRT7D49DRTBOF4KVKVVSFXU8P;A; 0001;    9;    0;        1;0CORR_QTY;0CORR_QTY;I;;     0018
;0OJUZ6DFRT7D49DRTBOF4KVKVVSFXU8P;A; 0001;   10;    0;        0;LMENG;LMENG;F;;     0016
;0OJUZ6DFRT7D49DRTBOF4KVKVVSFXU8P;A; 0001;   10;    0;        1;0REQ_QTY;0REQ_QTY;I;;     0019
;0OJUZ6DFRT7D49DRTBOF4KVKVVSFXU8P;A; 0001;   11;    0;        0;MEINS;MEINS;F;;     0018
;0OJUZ6DFRT7D49DRTBOF4KVKVVSFXU8P;A; 0001;   11;    0;        1;0BASE_UOM;0BASE_UOM;I;;     0020
;0OJUZ6DFRT7D49DRTBOF4KVKVVSFXU8P;A; 0001;   12;    0;        0;WMENG;WMENG;F;;     0023
;0OJUZ6DFRT7D49DRTBOF4KVKVVSFXU8P;A; 0001;   12;    0;        1;0ORDER_QTY;0ORDER_QTY;I;;     0021
;0OJUZ6DFRT7D49DRTBOF4KVKVVSFXU8P;A; 0001;   13;    0;        0;ROCANCEL;ROCANCEL;F;;     0001
;0OJUZ6DFRT7D49DRTBOF4KVKVVSFXU8P;A; 0001;   13;    0;        1;0RECORDMODE;0RECORDMODE;I;;     0022
;0OJUZ6DFRT7D49DRTBOF4KVKVVSFXU8P;A; 0001;   14;    0;        0;VBELN;VBELN;F;;     0002
;0OJUZ6DFRT7D49DRTBOF4KVKVVSFXU8P;A; 0001;   14;    0;        1;MBORDNUM;MBORDNUM;I;X;     0004
;0OJUZ6DFRT7D49DRTBOF4KVKVVSFXU8P;A; 0001;   15;    0;        0;POSNR;POSNR;F;;     0004
;0OJUZ6DFRT7D49DRTBOF4KVKVVSFXU8P;A; 0001;   15;    0;        1;MBORDITM;MBORDITM;I;X;     0005
;0OJUZ6DFRT7D49DRTBOF4KVKVVSFXU8P;A; 0001;   16;    0;        0;ETENR;ETENR;F;;     0012
;0OJUZ6DFRT7D49DRTBOF4KVKVVSFXU8P;A; 0001;   16;    0;        1;MBSCHLIN;MBSCHLIN;I;X;     0006
;0OJUZ6DFRT7D49DRTBOF4KVKVVSFXU8P;A; 0001;   17;    0;        0;ETTYP;ETTYP;F;;     0013
;0OJUZ6DFRT7D49DRTBOF4KVKVVSFXU8P;A; 0001;   17;    0;        1;MBSCLCAT;MBSCLCAT;I;;     0007
;0OJUZ6DFRT7D49DRTBOF4KVKVVSFXU8P;A; 0001;   18;    0;        0;LIFSP;LIFSP;F;;     0015
;0OJUZ6DFRT7D49DRTBOF4KVKVVSFXU8P;A; 0001;   18;    0;        1;MBSCLDLB;MBSCLDLB;I;;     0008
;0OJUZ6DFRT7D49DRTBOF4KVKVVSFXU8P;A; 0001;   19;    0;        0;WEPOS;WEPOS;F;;     0024
;0OJUZ6DFRT7D49DRTBOF4KVKVVSFXU8P;A; 0001;   19;    0;        1;MBWEPOS;MBWEPOS;I;;     0009
;0OJUZ6DFRT7D49DRTBOF4KVKVVSFXU8P;A; 0001;   20;    0;        0;BUKRS;BUKRS;F;;     0029
;0OJUZ6DFRT7D49DRTBOF4KVKVVSFXU8P;A; 0001;   20;    0;        1;MECOMPCOD;MECOMPCOD;I;;     0023
;0OJUZ6DFRT7D49DRTBOF4KVKVVSFXU8P;A; 0001;   21;    0;        0;AUART;AUART;F;;     0026
;0OJUZ6DFRT7D49DRTBOF4KVKVVSFXU8P;A; 0001;   21;    0;        1;MBDOCTYP;MBDOCTYP;I;;     0024
;0OJUZ6DFRT7D49DRTBOF4KVKVVSFXU8P;A; 0001;   22;    0;        0;KUNNR;KUNNR;F;;     0032
;0OJUZ6DFRT7D49DRTBOF4KVKVVSFXU8P;A; 0001;   22;    0;        1;MESOLD_TO;MESOLD_TO;I;;     0025
;0OJUZ6DFRT7D49DRTBOF4KVKVVSFXU8P;A; 0001;   23;    0;        0;VBTYP;VBTYP;F;;     0041
;0OJUZ6DFRT7D49DRTBOF4KVKVVSFXU8P;A; 0001;   23;    0;        1;MBVBTYP;MBVBTYP;I;;     0026
;0OJUZ6DFRT7D49DRTBOF4KVKVVSFXU8P;A; 0001;   24;    0;        0;VKORG;VKORG;F;;     0044
;0OJUZ6DFRT7D49DRTBOF4KVKVVSFXU8P;A; 0001;   24;    0;        1;MESALEORG;MESALEORG;I;;     0027
;0OJUZ6DFRT7D49DRTBOF4KVKVVSFXU8P;A; 0001;   25;    0;        0;MATNR;MATNR;F;;     0061
;0OJUZ6DFRT7D49DRTBOF4KVKVVSFXU8P;A; 0001;   25;    0;        1;MEMATER;MEMATER;I;;     0028
;0QO94AN0HRWMLE3F1QUHYVTJ8IODHMNU;A; 0001;    1;    0;        0;AEDAT;AEDAT;F;;     0050
;0QO94AN0HRWMLE3F1QUHYVTJ8IODHMNU;A; 0001;    1;    0;        1;0CH_ON;0CH_ON;I;;     0084
;0QO94AN0HRWMLE3F1QUHYVTJ8IODHMNU;A; 0001;    2;    0;        0;ERDAT;ERDAT;F;;     0058
;0QO94AN0HRWMLE3F1QUHYVTJ8IODHMNU;A; 0001;    2;    0;        1;0CREATEDON;0CREATEDON;I;;     0085
;0QO94AN0HRWMLE3F1QUHYVTJ8IODHMNU;A; 0001;    3;    0;        0;VDATU;VDATU;F;;     0112
;0QO94AN0HRWMLE3F1QUHYVTJ8IODHMNU;A; 0001;    3;    0;        1;0ST_UP_DTE;0ST_UP_DTE;I;;     0086
;0QO94AN0HRWMLE3F1QUHYVTJ8IODHMNU;A; 0001;    4;    0;        0;KLMENG;KLMENG;F;;     0064
;0QO94AN0HRWMLE3F1QUHYVTJ8IODHMNU;A; 0001;    4;    0;        1;0CML_CD_QTY;0CML_CD_QTY;I;;     0087
;0QO94AN0HRWMLE3F1QUHYVTJ8IODHMNU;A; 0001;    5;    0;        0;KBMENG;KBMENG;F;;     0063
;0QO94AN0HRWMLE3F1QUHYVTJ8IODHMNU;A; 0001;    5;    0;        1;0CML_CF_QTY;0CML_CF_QTY;I;;     0088
;0QO94AN0HRWMLE3F1QUHYVTJ8IODHMNU;A; 0001;    6;    0;        0;KWMENG;KWMENG;F;;     0068
;0QO94AN0HRWMLE3F1QUHYVTJ8IODHMNU;A; 0001;    6;    0;        1;0CML_OR_QTY;0CML_OR_QTY;I;;     0089
;0QO94AN0HRWMLE3F1QUHYVTJ8IODHMNU;A; 0001;    7;    0;        0;WAVWR;WAVWR;F;;     0121
;0QO94AN0HRWMLE3F1QUHYVTJ8IODHMNU;A; 0001;    7;    0;        1;0COST;0COST;I;;     0090
;0QO94AN0HRWMLE3F1QUHYVTJ8IODHMNU;A; 0001;    8;    0;        0;UMVKN;UMVKN;F;;     0107
;0QO94AN0HRWMLE3F1QUHYVTJ8IODHMNU;A; 0001;    8;    0;        1;0DENOMINTR;0DENOMINTR;I;;     0091
;0QO94AN0HRWMLE3F1QUHYVTJ8IODHMNU;A; 0001;    9;    0;        0;UMZIN;UMZIN;F;;     0109
;0QO94AN0HRWMLE3F1QUHYVTJ8IODHMNU;A; 0001;    9;    0;        1;0DENOMINTRZ;0DENOMINTRZ;I;;     0092
;0QO94AN0HRWMLE3F1QUHYVTJ8IODHMNU;A; 0001;   10;    0;        0;KURSK;KURSK;F;;     0153
;0QO94AN0HRWMLE3F1QUHYVTJ8IODHMNU;A; 0001;   10;    0;        1;0EXCHG_RATE;0EXCHG_RATE;I;;     0093
;0QO94AN0HRWMLE3F1QUHYVTJ8IODHMNU;A; 0001;   11;    0;        0;NETPR;NETPR;F;;     0088
;0QO94AN0HRWMLE3F1QUHYVTJ8IODHMNU;A; 0001;   11;    0;        1;0NET_PRICE;0NET_PRICE;I;;     0095
;0QO94AN0HRWMLE3F1QUHYVTJ8IODHMNU;A; 0001;   12;    0;        0;NETWR;NETWR;F;;     0089
;0QO94AN0HRWMLE3F1QUHYVTJ8IODHMNU;A; 0001;   12;    0;        1;0NET_VALUE;0NET_VALUE;I;;     0096
;0QO94AN0HRWMLE3F1QUHYVTJ8IODHMNU;A; 0001;   13;    0;        0;UMVKZ;UMVKZ;F;;     0108
;0QO94AN0HRWMLE3F1QUHYVTJ8IODHMNU;A; 0001;   13;    0;        1;0NUMERATOR;0NUMERATOR;I;;     0097
;0QO94AN0HRWMLE3F1QUHYVTJ8IODHMNU;A; 0001;   14;    0;        0;UMZIZ;UMZIZ;F;;     0110
;0QO94AN0HRWMLE3F1QUHYVTJ8IODHMNU;A; 0001;   14;    0;        1;0NUMERATORZ;0NUMERATORZ;I;;     0098
;0QO94AN0HRWMLE3F1QUHYVTJ8IODHMNU;A; 0001;   15;    0;        0;ANZAUPO;ANZAUPO;F;;     0170
;0QO94AN0HRWMLE3F1QUHYVTJ8IODHMNU;A; 0001;   15;    0;        1;0ORD_ITEMS;0ORD_ITEMS;I;;     0099
;0QO94AN0HRWMLE3F1QUHYVTJ8IODHMNU;A; 0001;   16;    0;        0;LSMENG;LSMENG;F;;     0077
;0QO94AN0HRWMLE3F1QUHYVTJ8IODHMNU;A; 0001;   16;    0;        1;0REQDEL_QTY;0REQDEL_QTY;I;;     0100
;0QO94AN0HRWMLE3F1QUHYVTJ8IODHMNU;A; 0001;   17;    0;        0;KZWI1;KZWI1;F;;     0069
;0QO94AN0HRWMLE3F1QUHYVTJ8IODHMNU;A; 0001;   17;    0;        1;0SUBTOTAL_1;0SUBTOTAL_1;I;;     0101
;0QO94AN0HRWMLE3F1QUHYVTJ8IODHMNU;A; 0001;   18;    0;        0;KZWI2;KZWI2;F;;     0070
;0QO94AN0HRWMLE3F1QUHYVTJ8IODHMNU;A; 0001;   18;    0;        1;0SUBTOTAL_2;0SUBTOTAL_2;I;;     0102
;0QO94AN0HRWMLE3F1QUHYVTJ8IODHMNU;A; 0001;   19;    0;        0;KZWI3;KZWI3;F;;     0071
;0QO94AN0HRWMLE3F1QUHYVTJ8IODHMNU;A; 0001;   19;    0;        1;0SUBTOTAL_3;0SUBTOTAL_3;I;;     0103
;0QO94AN0HRWMLE3F1QUHYVTJ8IODHMNU;A; 0001;   20;    0;        0;KZWI4;KZWI4;F;;     0072
;0QO94AN0HRWMLE3F1QUHYVTJ8IODHMNU;A; 0001;   20;    0;        1;0SUBTOTAL_4;0SUBTOTAL_4;I;;     0104
;0QO94AN0HRWMLE3F1QUHYVTJ8IODHMNU;A; 0001;   21;    0;        0;KZWI5;KZWI5;F;;     0073
;0QO94AN0HRWMLE3F1QUHYVTJ8IODHMNU;A; 0001;   21;    0;        1;0SUBTOTAL_5;0SUBTOTAL_5;I;;     0105
;0QO94AN0HRWMLE3F1QUHYVTJ8IODHMNU;A; 0001;   22;    0;        0;KZWI6;KZWI6;F;;     0074
;0QO94AN0HRWMLE3F1QUHYVTJ8IODHMNU;A; 0001;   22;    0;        1;0SUBTOTAL_6;0SUBTOTAL_6;I;;     0106
;0QO94AN0HRWMLE3F1QUHYVTJ8IODHMNU;A; 0001;   23;    0;        0;ZMENG;ZMENG;F;;     0124
;0QO94AN0HRWMLE3F1QUHYVTJ8IODHMNU;A; 0001;   23;    0;        1;0TARGET_QTY;0TARGET_QTY;I;;     0107
;0QO94AN0HRWMLE3F1QUHYVTJ8IODHMNU;A; 0001;   24;    0;        0;MEINS;MEINS;F;;     0081
;0QO94AN0HRWMLE3F1QUHYVTJ8IODHMNU;A; 0001;   24;    0;        1;0BASE_UOM;0BASE_UOM;I;;     0108
;0QO94AN0HRWMLE3F1QUHYVTJ8IODHMNU;A; 0001;   25;    0;        0;VRKME;VRKME;F;;     0118
;0QO94AN0HRWMLE3F1QUHYVTJ8IODHMNU;A; 0001;   25;    0;        1;0SALES_UNIT;0SALES_UNIT;I;;     0109
;0QO94AN0HRWMLE3F1QUHYVTJ8IODHMNU;A; 0001;   26;    0;        0;WAERK;WAERK;F;;     0120
;0QO94AN0HRWMLE3F1QUHYVTJ8IODHMNU;A; 0001;   26;    0;        1;0DOC_CURRCY;0DOC_CURRCY;I;;     0110
;0QO94AN0HRWMLE3F1QUHYVTJ8IODHMNU;A; 0001;   27;    0;        0;ZIEME;ZIEME;F;;     0123
;0QO94AN0HRWMLE3F1QUHYVTJ8IODHMNU;A; 0001;   27;    0;        1;0TARGET_QU;0TARGET_QU;I;;     0111
;0QO94AN0HRWMLE3F1QUHYVTJ8IODHMNU;A; 0001;   28;    0;        0;ROCANCEL;ROCANCEL;F;;     0001
;0QO94AN0HRWMLE3F1QUHYVTJ8IODHMNU;A; 0001;   28;    0;        1;0RECORDMODE;0RECORDMODE;I;;     0113
;0QO94AN0HRWMLE3F1QUHYVTJ8IODHMNU;A; 0001;   29;    0;        0;VBELN;VBELN;F;;     0002
;0QO94AN0HRWMLE3F1QUHYVTJ8IODHMNU;A; 0001;   29;    0;        1;MBORDNUM;MBORDNUM;I;X;     0004
;0QO94AN0HRWMLE3F1QUHYVTJ8IODHMNU;A; 0001;   30;    0;        0;POSNR;POSNR;F;;     0006
;0QO94AN0HRWMLE3F1QUHYVTJ8IODHMNU;A; 0001;   30;    0;        1;MBORDITM;MBORDITM;I;X;     0005
;0QO94AN0HRWMLE3F1QUHYVTJ8IODHMNU;A; 0001;   31;    0;        0;UVPRS;UVPRS;F;;     0009
;0QO94AN0HRWMLE3F1QUHYVTJ8IODHMNU;A; 0001;   31;    0;        1;MBSTAPRC;MBSTAPRC;I;;     0006
;0QO94AN0HRWMLE3F1QUHYVTJ8IODHMNU;A; 0001;   32;    0;        0;UVVLK;UVVLK;F;;     0010
;0QO94AN0HRWMLE3F1QUHYVTJ8IODHMNU;A; 0001;   32;    0;        1;MBSTADEL;MBSTADEL;I;;     0007
;0QO94AN0HRWMLE3F1QUHYVTJ8IODHMNU;A; 0001;   33;    0;        0;SPART;SPART;F;;     0101
;0QO94AN0HRWMLE3F1QUHYVTJ8IODHMNU;A; 0001;   33;    0;        1;MEDIVISIO;MEDIVISIO;I;;     0008
;0QO94AN0HRWMLE3F1QUHYVTJ8IODHMNU;A; 0001;   34;    0;        0;WERKS;WERKS;F;;     0122
;0QO94AN0HRWMLE3F1QUHYVTJ8IODHMNU;A; 0001;   34;    0;        1;MEPLANT;MEPLANT;I;;     0009
;0QO94AN0HRWMLE3F1QUHYVTJ8IODHMNU;A; 0001;   35;    0;        0;MATNR;MATNR;F;;     0079
;0QO94AN0HRWMLE3F1QUHYVTJ8IODHMNU;A; 0001;   35;    0;        1;MEMATER;MEMATER;I;;     0010
;0QO94AN0HRWMLE3F1QUHYVTJ8IODHMNU;A; 0001;   36;    0;        0;AUART;AUART;F;;     0013
;0QO94AN0HRWMLE3F1QUHYVTJ8IODHMNU;A; 0001;   36;    0;        1;MBDOCTYP;MBDOCTYP;I;;     0011
;0QO94AN0HRWMLE3F1QUHYVTJ8IODHMNU;A; 0001;   37;    0;        0;AUGRU;AUGRU;F;;     0014
;0QO94AN0HRWMLE3F1QUHYVTJ8IODHMNU;A; 0001;   37;    0;        1;MBPUREAS;MBPUREAS;I;;     0012
;0QO94AN0HRWMLE3F1QUHYVTJ8IODHMNU;A; 0001;   38;    0;        0;BUKRS;BUKRS;F;;     0016
;0QO94AN0HRWMLE3F1QUHYVTJ8IODHMNU;A; 0001;   38;    0;        1;MECOMPCOD;MECOMPCOD;I;;     0013
;0QO94AN0HRWMLE3F1QUHYVTJ8IODHMNU;A; 0001;   39;    0;        0;PRCTR;PRCTR;F;;     0136
;0QO94AN0HRWMLE3F1QUHYVTJ8IODHMNU;A; 0001;   39;    0;        1;MEPRCTR;MEPRCTR;I;;     0014
;0QO94AN0HRWMLE3F1QUHYVTJ8IODHMNU;A; 0001;   40;    0;        0;KOSTL;KOSTL;F;;     0130
;0QO94AN0HRWMLE3F1QUHYVTJ8IODHMNU;A; 0001;   40;    0;        1;MECCENTER;MECCENTER;I;;     0015
;0QO94AN0HRWMLE3F1QUHYVTJ8IODHMNU;A; 0001;   41;    0;        0;KOKRS;KOKRS;F;;     0045
;0QO94AN0HRWMLE3F1QUHYVTJ8IODHMNU;A; 0001;   41;    0;        1;MECO_AREA;MECO_AREA;I;;     0016
;0QO94AN0HRWMLE3F1QUHYVTJ8IODHMNU;A; 0001;   42;    0;        0;FAKSK;FAKSK;F;;     0017
;0QO94AN0HRWMLE3F1QUHYVTJ8IODHMNU;A; 0001;   42;    0;        1;MBBILLBLK;MBBILLBLK;I;;     0017
;0QO94AN0HRWMLE3F1QUHYVTJ8IODHMNU;A; 0001;   43;    0;        0;KUNNR;KUNNR;F;;     0019
;0QO94AN0HRWMLE3F1QUHYVTJ8IODHMNU;A; 0001;   43;    0;        1;MESOLD_TO;MESOLD_TO;I;;     0018
;0QO94AN0HRWMLE3F1QUHYVTJ8IODHMNU;A; 0001;   44;    0;        0;KVGR2;KVGR2;F;;     0022
;0QO94AN0HRWMLE3F1QUHYVTJ8IODHMNU;A; 0001;   44;    0;        1;MECUGRP2;MECUGRP2;I;;     0019
;0QO94AN0HRWMLE3F1QUHYVTJ8IODHMNU;A; 0001;   45;    0;        0;LIFSK;LIFSK;F;;     0026
;0QO94AN0HRWMLE3F1QUHYVTJ8IODHMNU;A; 0001;   45;    0;        1;MBDELBLK;MBDELBLK;I;;     0020
;0QO94AN0HRWMLE3F1QUHYVTJ8IODHMNU;A; 0001;   46;    0;        0;PCTRF;PCTRF;F;;     0132
;0QO94AN0HRWMLE3F1QUHYVTJ8IODHMNU;A; 0001;   46;    0;        1;MBBPRCTR;MBBPRCTR;I;;     0021
;0QO94AN0HRWMLE3F1QUHYVTJ8IODHMNU;A; 0001;   47;    0;        0;VBTYP;VBTYP;F;;     0028
;0QO94AN0HRWMLE3F1QUHYVTJ8IODHMNU;A; 0001;   47;    0;        1;MBVBTYP;MBVBTYP;I;;     0022
;0QO94AN0HRWMLE3F1QUHYVTJ8IODHMNU;A; 0001;   48;    0;        0;VKBUR;VKBUR;F;;     0029
;0QO94AN0HRWMLE3F1QUHYVTJ8IODHMNU;A; 0001;   48;    0;        1;MESALOFF;MESALOFF;I;;     0023
;0QO94AN0HRWMLE3F1QUHYVTJ8IODHMNU;A; 0001;   49;    0;        0;VKGRP;VKGRP;F;;     0030
;0QO94AN0HRWMLE3F1QUHYVTJ8IODHMNU;A; 0001;   49;    0;        1;MESALGRP;MESALGRP;I;;     0024
;0QO94AN0HRWMLE3F1QUHYVTJ8IODHMNU;A; 0001;   50;    0;        0;VKORG;VKORG;F;;     0031
;0QO94AN0HRWMLE3F1QUHYVTJ8IODHMNU;A; 0001;   50;    0;        1;MESALEORG;MESALEORG;I;;     0025
;0QO94AN0HRWMLE3F1QUHYVTJ8IODHMNU;A; 0001;   51;    0;        0;VTWEG;VTWEG;F;;     0032
;0QO94AN0HRWMLE3F1QUHYVTJ8IODHMNU;A; 0001;   51;    0;        1;MEDISCHAN;MEDISCHAN;I;;     0026
;0QO94AN0HRWMLE3F1QUHYVTJ8IODHMNU;A; 0001;   52;    0;        0;BSARK_E;BSARK_E;F;;     0158
;0QO94AN0HRWMLE3F1QUHYVTJ8IODHMNU;A; 0001;   52;    0;        1;MBBSARKE;MBBSARKE;I;;     0027
;0QO94AN0HRWMLE3F1QUHYVTJ8IODHMNU;A; 0001;   53;    0;        0;ABGRU;ABGRU;F;;     0049
;0QO94AN0HRWMLE3F1QUHYVTJ8IODHMNU;A; 0001;   53;    0;        1;MBREAREF;MBREAREF;I;;     0028
;0QO94AN0HRWMLE3F1QUHYVTJ8IODHMNU;A; 0001;   54;    0;        0;BSTDK;BSTDK;F;;     0159
;0QO94AN0HRWMLE3F1QUHYVTJ8IODHMNU;A; 0001;   54;    0;        1;MBBSTDK;MBBSTDK;I;;     0029
;0QO94AN0HRWMLE3F1QUHYVTJ8IODHMNU;A; 0001;   55;    0;        0;BSTDK_E;BSTDK_E;F;;     0160
;0QO94AN0HRWMLE3F1QUHYVTJ8IODHMNU;A; 0001;   55;    0;        1;MBBSTDKE;MBBSTDKE;I;;     0030
;0QO94AN0HRWMLE3F1QUHYVTJ8IODHMNU;A; 0001;   56;    0;        0;FAKSP;FAKSP;F;;     0061
;0QO94AN0HRWMLE3F1QUHYVTJ8IODHMNU;A; 0001;   56;    0;        1;MBFAKSP;MBFAKSP;I;;     0031
;0QO94AN0HRWMLE3F1QUHYVTJ8IODHMNU;A; 0001;   57;    0;        0;PKUNRE;PKUNRE;F;;     0092
;0QO94AN0HRWMLE3F1QUHYVTJ8IODHMNU;A; 0001;   57;    0;        1;MEBILLTO;MEBILLTO;I;;     0032
;0QO94AN0HRWMLE3F1QUHYVTJ8IODHMNU;A; 0001;   58;    0;        0;PKUNRG;PKUNRG;F;;     0093
;0QO94AN0HRWMLE3F1QUHYVTJ8IODHMNU;A; 0001;   58;    0;        1;MEPAYER;MEPAYER;I;;     0033
;0QO94AN0HRWMLE3F1QUHYVTJ8IODHMNU;A; 0001;   59;    0;        0;PKUNWE;PKUNWE;F;;     0094
;0QO94AN0HRWMLE3F1QUHYVTJ8IODHMNU;A; 0001;   59;    0;        1;MESHIPTO;MESHIPTO;I;;     0034
;0QO94AN0HRWMLE3F1QUHYVTJ8IODHMNU;A; 0001;   60;    0;        0;PSPDNR;PSPDNR;F;;     0096
;0QO94AN0HRWMLE3F1QUHYVTJ8IODHMNU;A; 0001;   60;    0;        1;MBFORWAG;MBFORWAG;I;;     0035
;0QO94AN0HRWMLE3F1QUHYVTJ8IODHMNU;A; 0001;   61;    0;        0;PSTYV;PSTYV;F;;     0097
;0QO94AN0HRWMLE3F1QUHYVTJ8IODHMNU;A; 0001;   61;    0;        1;MBITMCAT;MBITMCAT;I;;     0036
;0QO94AN0HRWMLE3F1QUHYVTJ8IODHMNU;A; 0001;   62;    0;        0;ROUTE;ROUTE;F;;     0099
;0QO94AN0HRWMLE3F1QUHYVTJ8IODHMNU;A; 0001;   62;    0;        1;MBROUTE;MBROUTE;I;;     0037
;0QO94AN0HRWMLE3F1QUHYVTJ8IODHMNU;A; 0001;   63;    0;        0;SPARA;SPARA;F;;     0167
;0QO94AN0HRWMLE3F1QUHYVTJ8IODHMNU;A; 0001;   63;    0;        1;MBDIVHD;MBDIVHD;I;;     0038
;0QO94AN0HRWMLE3F1QUHYVTJ8IODHMNU;A; 0001;   64;    0;        0;APOPLANNED;APOPLANNED;F;;     0173
;0QO94AN0HRWMLE3F1QUHYVTJ8IODHMNU;A; 0001;   64;    0;        1;MBAPOPLN;MBAPOPLN;I;;     0039
;0QO94AN0HRWMLE3F1QUHYVTJ8IODHMNU;A; 0001;   65;    0;        0;VSTEL;VSTEL;F;;     0119
;0QO94AN0HRWMLE3F1QUHYVTJ8IODHMNU;A; 0001;   65;    0;        1;MBSHIPPT;MBSHIPPT;I;;     0040
;0QO94AN0HRWMLE3F1QUHYVTJ8IODHMNU;A; 0001;   66;    0;        0;SUGRD;SUGRD;F;;     0104
;0QO94AN0HRWMLE3F1QUHYVTJ8IODHMNU;A; 0001;   66;    0;        1;MBSUBREA;MBSUBREA;I;;     0041
;0QO94AN0HRWMLE3F1QUHYVTJ8IODHMNU;A; 0001;   67;    0;        0;AUDAT;AUDAT;F;;     0033
;0QO94AN0HRWMLE3F1QUHYVTJ8IODHMNU;A; 0001;   67;    0;        1;0BVTSORDDT;0BVTSORDDT;I;;     0042
;0QO94AN0HRWMLE3F1QUHYVTJ8IODHMNU;A; 0001;   68;    0;        0;VGTYP_AK;VGTYP_AK;F;;     0168
;0QO94AN0HRWMLE3F1QUHYVTJ8IODHMNU;A; 0001;   68;    0;        1;MBDOCATR;MBDOCATR;I;;     0043
;0QO94AN0HRWMLE3F1QUHYVTJ8IODHMNU;A; 0001;   69;    0;        0;FKARA;FKARA;F;;     0034
;0QO94AN0HRWMLE3F1QUHYVTJ8IODHMNU;A; 0001;   69;    0;        1;MBBILTYP;MBBILTYP;I;;     0044
;0QO94AN0HRWMLE3F1QUHYVTJ8IODHMNU;A; 0001;   70;    0;        0;HIEZU01;HIEZU01;F;;     0035
;0QO94AN0HRWMLE3F1QUHYVTJ8IODHMNU;A; 0001;   70;    0;        1;MECSTHL01;MECSTHL01;I;;     0045
;0QO94AN0HRWMLE3F1QUHYVTJ8IODHMNU;A; 0001;   71;    0;        0;HIEZU02;HIEZU02;F;;     0036
;0QO94AN0HRWMLE3F1QUHYVTJ8IODHMNU;A; 0001;   71;    0;        1;MECSTHL02;MECSTHL02;I;;     0046
;0QO94AN0HRWMLE3F1QUHYVTJ8IODHMNU;A; 0001;   72;    0;        0;HIEZU03;HIEZU03;F;;     0037
;0QO94AN0HRWMLE3F1QUHYVTJ8IODHMNU;A; 0001;   72;    0;        1;MECSTHL03;MECSTHL03;I;;     0047
;0QO94AN0HRWMLE3F1QUHYVTJ8IODHMNU;A; 0001;   73;    0;        0;HIEZU04;HIEZU04;F;;     0038
;0QO94AN0HRWMLE3F1QUHYVTJ8IODHMNU;A; 0001;   73;    0;        1;MECSTHL04;MECSTHL04;I;;     0048
;0QO94AN0HRWMLE3F1QUHYVTJ8IODHMNU;A; 0001;   74;    0;        0;HIEZU05;HIEZU05;F;;     0039
;0QO94AN0HRWMLE3F1QUHYVTJ8IODHMNU;A; 0001;   74;    0;        1;MECSTHL05;MECSTHL05;I;;     0049
;0QO94AN0HRWMLE3F1QUHYVTJ8IODHMNU;A; 0001;   75;    0;        0;HIEZU06;HIEZU06;F;;     0040
;0QO94AN0HRWMLE3F1QUHYVTJ8IODHMNU;A; 0001;   75;    0;        1;MECSTHL06;MECSTHL06;I;;     0050
;0QO94AN0HRWMLE3F1QUHYVTJ8IODHMNU;A; 0001;   76;    0;        0;HIEZU07;HIEZU07;F;;     0041
;0QO94AN0HRWMLE3F1QUHYVTJ8IODHMNU;A; 0001;   76;    0;        1;MECSTHL07;MECSTHL07;I;;     0051
;0QO94AN0HRWMLE3F1QUHYVTJ8IODHMNU;A; 0001;   77;    0;        0;HIEZU08;HIEZU08;F;;     0042
;0QO94AN0HRWMLE3F1QUHYVTJ8IODHMNU;A; 0001;   77;    0;        1;MECSTHL08;MECSTHL08;I;;     0052
;0QO94AN0HRWMLE3F1QUHYVTJ8IODHMNU;A; 0001;   78;    0;        0;HIEZU09;HIEZU09;F;;     0043
;0QO94AN0HRWMLE3F1QUHYVTJ8IODHMNU;A; 0001;   78;    0;        1;MECSTHL09;MECSTHL09;I;;     0053
;0QO94AN0HRWMLE3F1QUHYVTJ8IODHMNU;A; 0001;   79;    0;        0;HIEZU10;HIEZU10;F;;     0044
;0QO94AN0HRWMLE3F1QUHYVTJ8IODHMNU;A; 0001;   79;    0;        1;MECSTHL10;MECSTHL10;I;;     0054
;0QO94AN0HRWMLE3F1QUHYVTJ8IODHMNU;A; 0001;   80;    0;        0;MAHDT;MAHDT;F;;     0046
;0QO94AN0HRWMLE3F1QUHYVTJ8IODHMNU;A; 0001;   80;    0;        1;MBLCC;MBLCC;I;;     0055
;0QO94AN0HRWMLE3F1QUHYVTJ8IODHMNU;A; 0001;   81;    0;        0;QMNUM;QMNUM;F;;     0047
;0QO94AN0HRWMLE3F1QUHYVTJ8IODHMNU;A; 0001;   81;    0;        1;MBNOTIFIC;MBNOTIFIC;I;;     0056
;0QO94AN0HRWMLE3F1QUHYVTJ8IODHMNU;A; 0001;   82;    0;        0;VSBED;VSBED;F;;     0048
;0QO94AN0HRWMLE3F1QUHYVTJ8IODHMNU;A; 0001;   82;    0;        1;MBSHPCD;MBSHPCD;I;;     0057
;0QO94AN0HRWMLE3F1QUHYVTJ8IODHMNU;A; 0001;   83;    0;        0;BEDAE;BEDAE;F;;     0126
;0QO94AN0HRWMLE3F1QUHYVTJ8IODHMNU;A; 0001;   83;    0;        1;MBREQTYP;MBREQTYP;I;;     0058
;0QO94AN0HRWMLE3F1QUHYVTJ8IODHMNU;A; 0001;   84;    0;        0;BERID;BERID;F;;     0127
;0QO94AN0HRWMLE3F1QUHYVTJ8IODHMNU;A; 0001;   84;    0;        1;MBMRPARE;MBMRPARE;I;;     0059
;0QO94AN0HRWMLE3F1QUHYVTJ8IODHMNU;A; 0001;   85;    0;        0;BONUS;BONUS;F;;     0128
;0QO94AN0HRWMLE3F1QUHYVTJ8IODHMNU;A; 0001;   85;    0;        1;MBRBTGRP;MBRBTGRP;I;;     0060
;0QO94AN0HRWMLE3F1QUHYVTJ8IODHMNU;A; 0001;   86;    0;        0;FKREL;FKREL;F;;     0129
;0QO94AN0HRWMLE3F1QUHYVTJ8IODHMNU;A; 0001;   86;    0;        1;MBBILREV;MBBILREV;I;;     0061
;0QO94AN0HRWMLE3F1QUHYVTJ8IODHMNU;A; 0001;   87;    0;        0;MTVFP;MTVFP;F;;     0131
;0QO94AN0HRWMLE3F1QUHYVTJ8IODHMNU;A; 0001;   87;    0;        1;MBMTVFP;MBMTVFP;I;;     0062
;0QO94AN0HRWMLE3F1QUHYVTJ8IODHMNU;A; 0001;   88;    0;        0;PLAAG;PLAAG;F;;     0133
;0QO94AN0HRWMLE3F1QUHYVTJ8IODHMNU;A; 0001;   88;    0;        1;MBSDTPCTY;MBSDTPCTY;I;;     0063
;0QO94AN0HRWMLE3F1QUHYVTJ8IODHMNU;A; 0001;   89;    0;        0;PLARE;PLARE;F;;     0134
;0QO94AN0HRWMLE3F1QUHYVTJ8IODHMNU;A; 0001;   89;    0;        1;MBBTPCTY;MBBTPCTY;I;;     0064
;0QO94AN0HRWMLE3F1QUHYVTJ8IODHMNU;A; 0001;   90;    0;        0;PLAWE;PLAWE;F;;     0135
;0QO94AN0HRWMLE3F1QUHYVTJ8IODHMNU;A; 0001;   90;    0;        1;MBSPTPCTY;MBSPTPCTY;I;;     0065
;0QO94AN0HRWMLE3F1QUHYVTJ8IODHMNU;A; 0001;   91;    0;        0;SHKZG;SHKZG;F;;     0137
;0QO94AN0HRWMLE3F1QUHYVTJ8IODHMNU;A; 0001;   91;    0;        1;MBRETITM;MBRETITM;I;;     0066
;0QO94AN0HRWMLE3F1QUHYVTJ8IODHMNU;A; 0001;   92;    0;        0;UEPOS;UEPOS;F;;     0138
;0QO94AN0HRWMLE3F1QUHYVTJ8IODHMNU;A; 0001;   92;    0;        1;MBHLITM;MBHLITM;I;;     0067
;0QO94AN0HRWMLE3F1QUHYVTJ8IODHMNU;A; 0001;   93;    0;        0;UEPVW;UEPVW;F;;     0139
;0QO94AN0HRWMLE3F1QUHYVTJ8IODHMNU;A; 0001;   93;    0;        1;MBUEPVW;MBUEPVW;I;;     0068
;0QO94AN0HRWMLE3F1QUHYVTJ8IODHMNU;A; 0001;   94;    0;        0;ZZEDA;ZZEDA;F;;     0140
;0QO94AN0HRWMLE3F1QUHYVTJ8IODHMNU;A; 0001;   94;    0;        1;MBZZEDA;MBZZEDA;I;;     0069
;0QO94AN0HRWMLE3F1QUHYVTJ8IODHMNU;A; 0001;   95;    0;        0;ZZIEDA;ZZIEDA;F;;     0141
;0QO94AN0HRWMLE3F1QUHYVTJ8IODHMNU;A; 0001;   95;    0;        1;MBZZIEDA;MBZZIEDA;I;;     0070
;0QO94AN0HRWMLE3F1QUHYVTJ8IODHMNU;A; 0001;   96;    0;        0;ZZIMBD;ZZIMBD;F;;     0142
;0QO94AN0HRWMLE3F1QUHYVTJ8IODHMNU;A; 0001;   96;    0;        1;MBZZIMBD;MBZZIMBD;I;;     0071
;0QO94AN0HRWMLE3F1QUHYVTJ8IODHMNU;A; 0001;   97;    0;        0;ZZIWAD;ZZIWAD;F;;     0143
;0QO94AN0HRWMLE3F1QUHYVTJ8IODHMNU;A; 0001;   97;    0;        1;MBZZIWAD;MBZZIWAD;I;;     0072
;0QO94AN0HRWMLE3F1QUHYVTJ8IODHMNU;A; 0001;   98;    0;        0;ZZMBD;ZZMBD;F;;     0144
;0QO94AN0HRWMLE3F1QUHYVTJ8IODHMNU;A; 0001;   98;    0;        1;MBZZMBD;MBZZMBD;I;;     0073
;0QO94AN0HRWMLE3F1QUHYVTJ8IODHMNU;A; 0001;   99;    0;        0;ZZWAD;ZZWAD;F;;     0145
;0QO94AN0HRWMLE3F1QUHYVTJ8IODHMNU;A; 0001;   99;    0;        1;MBZZWAD;MBZZWAD;I;;     0074
;0QO94AN0HRWMLE3F1QUHYVTJ8IODHMNU;A; 0001;  100;    0;        0;BSTKD;BSTKD;F;;     0161
;0QO94AN0HRWMLE3F1QUHYVTJ8IODHMNU;A; 0001;  100;    0;        1;MBBSTKD;MBBSTKD;I;;     0075
;0QO94AN0HRWMLE3F1QUHYVTJ8IODHMNU;A; 0001;  101;    0;        0;ABGRU;ABGRU;F;;     0049
;0QO94AN0HRWMLE3F1QUHYVTJ8IODHMNU;A; 0001;  101;    0;        0;ABSTA;ABSTA;F;;     0005
;0QO94AN0HRWMLE3F1QUHYVTJ8IODHMNU;A; 0001;  101;    0;        0;AEDAT;AEDAT;F;;     0050
;0QO94AN0HRWMLE3F1QUHYVTJ8IODHMNU;A; 0001;  101;    0;        0;ANGDT;ANGDT;F;;     0015
;0QO94AN0HRWMLE3F1QUHYVTJ8IODHMNU;A; 0001;  101;    0;        0;ANZAUPO;ANZAUPO;F;;     0170
;0QO94AN0HRWMLE3F1QUHYVTJ8IODHMNU;A; 0001;  101;    0;        0;APOPLANNED;APOPLANNED;F;;     0173
;0QO94AN0HRWMLE3F1QUHYVTJ8IODHMNU;A; 0001;  101;    0;        0;AUART;AUART;F;;     0013
;0QO94AN0HRWMLE3F1QUHYVTJ8IODHMNU;A; 0001;  101;    0;        0;AUDAT;AUDAT;F;;     0033
;0QO94AN0HRWMLE3F1QUHYVTJ8IODHMNU;A; 0001;  101;    0;        0;AUGRU;AUGRU;F;;     0014
;0QO94AN0HRWMLE3F1QUHYVTJ8IODHMNU;A; 0001;  101;    0;        0;AWAHR;AWAHR;F;;     0052
;0QO94AN0HRWMLE3F1QUHYVTJ8IODHMNU;A; 0001;  101;    0;        0;BEDAE;BEDAE;F;;     0126
;0QO94AN0HRWMLE3F1QUHYVTJ8IODHMNU;A; 0001;  101;    0;        0;BERID;BERID;F;;     0127
;0QO94AN0HRWMLE3F1QUHYVTJ8IODHMNU;A; 0001;  101;    0;        0;BNDDT;BNDDT;F;;     0018
;0QO94AN0HRWMLE3F1QUHYVTJ8IODHMNU;A; 0001;  101;    0;        0;BONUS;BONUS;F;;     0128
;0QO94AN0HRWMLE3F1QUHYVTJ8IODHMNU;A; 0001;  101;    0;        0;BRGEW;BRGEW;F;;     0053
;0QO94AN0HRWMLE3F1QUHYVTJ8IODHMNU;A; 0001;  101;    0;        0;BSARK_E;BSARK_E;F;;     0158
;0QO94AN0HRWMLE3F1QUHYVTJ8IODHMNU;A; 0001;  101;    0;        0;BSTDK;BSTDK;F;;     0159
;0QO94AN0HRWMLE3F1QUHYVTJ8IODHMNU;A; 0001;  101;    0;        0;BSTDK_E;BSTDK_E;F;;     0160
;0QO94AN0HRWMLE3F1QUHYVTJ8IODHMNU;A; 0001;  101;    0;        0;BSTKD;BSTKD;F;;     0161
;0QO94AN0HRWMLE3F1QUHYVTJ8IODHMNU;A; 0001;  101;    0;        0;BSTKD_E;BSTKD_E;F;;     0163
;0QO94AN0HRWMLE3F1QUHYVTJ8IODHMNU;A; 0001;  101;    0;        0;BSTKD_M;BSTKD_M;F;;     0169
;0QO94AN0HRWMLE3F1QUHYVTJ8IODHMNU;A; 0001;  101;    0;        0;BUKRS;BUKRS;F;;     0016
;0QO94AN0HRWMLE3F1QUHYVTJ8IODHMNU;A; 0001;  101;    0;        0;BWAPPLNM;BWAPPLNM;F;;     0054
;0QO94AN0HRWMLE3F1QUHYVTJ8IODHMNU;A; 0001;  101;    0;        0;BWVORG;BWVORG;F;;     0055
;0QO94AN0HRWMLE3F1QUHYVTJ8IODHMNU;A; 0001;  101;    0;        0;BZIRK;BZIRK;F;;     0147
;0QO94AN0HRWMLE3F1QUHYVTJ8IODHMNU;A; 0001;  101;    0;        0;CHARG;CHARG;F;;     0056
;0QO94AN0HRWMLE3F1QUHYVTJ8IODHMNU;A; 0001;  101;    0;        0;CMGST;CMGST;F;;     0003
;0QO94AN0HRWMLE3F1QUHYVTJ8IODHMNU;A; 0001;  101;    0;        0;CMKUA;CMKUA;F;;     0057
;0QO94AN0HRWMLE3F1QUHYVTJ8IODHMNU;A; 0001;  101;    0;        0;EAN11;EAN11;F;;     0059
;0QO94AN0HRWMLE3F1QUHYVTJ8IODHMNU;A; 0001;  101;    0;        0;ERDAT;ERDAT;F;;     0058
;0QO94AN0HRWMLE3F1QUHYVTJ8IODHMNU;A; 0001;  101;    0;        0;ERNAM;ERNAM;F;;     0060
;0QO94AN0HRWMLE3F1QUHYVTJ8IODHMNU;A; 0001;  101;    0;        0;ERZET;ERZET;F;;     0062
;0QO94AN0HRWMLE3F1QUHYVTJ8IODHMNU;A; 0001;  101;    0;        0;FAKSK;FAKSK;F;;     0017
;0QO94AN0HRWMLE3F1QUHYVTJ8IODHMNU;A; 0001;  101;    0;        0;FAKSP;FAKSP;F;;     0061
;0QO94AN0HRWMLE3F1QUHYVTJ8IODHMNU;A; 0001;  101;    0;        0;FBUDA;FBUDA;F;;     0148
;0QO94AN0HRWMLE3F1QUHYVTJ8IODHMNU;A; 0001;  101;    0;        0;FKARA;FKARA;F;;     0034
;0QO94AN0HRWMLE3F1QUHYVTJ8IODHMNU;A; 0001;  101;    0;        0;FKDAT;FKDAT;F;;     0149
;0QO94AN0HRWMLE3F1QUHYVTJ8IODHMNU;A; 0001;  101;    0;        0;FKREL;FKREL;F;;     0129
;0QO94AN0HRWMLE3F1QUHYVTJ8IODHMNU;A; 0001;  101;    0;        0;GEWEI;GEWEI;F;;     0065
;0QO94AN0HRWMLE3F1QUHYVTJ8IODHMNU;A; 0001;  101;    0;        0;HIEZU01;HIEZU01;F;;     0035
;0QO94AN0HRWMLE3F1QUHYVTJ8IODHMNU;A; 0001;  101;    0;        0;HIEZU02;HIEZU02;F;;     0036
;0QO94AN0HRWMLE3F1QUHYVTJ8IODHMNU;A; 0001;  101;    0;        0;HIEZU03;HIEZU03;F;;     0037
;0QO94AN0HRWMLE3F1QUHYVTJ8IODHMNU;A; 0001;  101;    0;        0;HIEZU04;HIEZU04;F;;     0038
;0QO94AN0HRWMLE3F1QUHYVTJ8IODHMNU;A; 0001;  101;    0;        0;HIEZU05;HIEZU05;F;;     0039
;0QO94AN0HRWMLE3F1QUHYVTJ8IODHMNU;A; 0001;  101;    0;        0;HIEZU06;HIEZU06;F;;     0040
;0QO94AN0HRWMLE3F1QUHYVTJ8IODHMNU;A; 0001;  101;    0;        0;HIEZU07;HIEZU07;F;;     0041
;0QO94AN0HRWMLE3F1QUHYVTJ8IODHMNU;A; 0001;  101;    0;        0;HIEZU08;HIEZU08;F;;     0042
;0QO94AN0HRWMLE3F1QUHYVTJ8IODHMNU;A; 0001;  101;    0;        0;HIEZU09;HIEZU09;F;;     0043
;0QO94AN0HRWMLE3F1QUHYVTJ8IODHMNU;A; 0001;  101;    0;        0;HIEZU10;HIEZU10;F;;     0044
;0QO94AN0HRWMLE3F1QUHYVTJ8IODHMNU;A; 0001;  101;    0;        0;HWAER;HWAER;F;;     0020
;0QO94AN0HRWMLE3F1QUHYVTJ8IODHMNU;A; 0001;  101;    0;        0;IHREZ;IHREZ;F;;     0164
;0QO94AN0HRWMLE3F1QUHYVTJ8IODHMNU;A; 0001;  101;    0;        0;IHREZ_E;IHREZ_E;F;;     0165
;0QO94AN0HRWMLE3F1QUHYVTJ8IODHMNU;A; 0001;  101;    0;        0;INCO1;INCO1;F;;     0150
;0QO94AN0HRWMLE3F1QUHYVTJ8IODHMNU;A; 0001;  101;    0;        0;INCO2;INCO2;F;;     0151
;0QO94AN0HRWMLE3F1QUHYVTJ8IODHMNU;A; 0001;  101;    0;        0;KBMENG;KBMENG;F;;     0063
;0QO94AN0HRWMLE3F1QUHYVTJ8IODHMNU;A; 0001;  101;    0;        0;KDGRP;KDGRP;F;;     0152
;0QO94AN0HRWMLE3F1QUHYVTJ8IODHMNU;A; 0001;  101;    0;        0;KLMENG;KLMENG;F;;     0064
;0QO94AN0HRWMLE3F1QUHYVTJ8IODHMNU;A; 0001;  101;    0;        0;KMEIN;KMEIN;F;;     0066
;0QO94AN0HRWMLE3F1QUHYVTJ8IODHMNU;A; 0001;  101;    0;        0;KNUMA_AG;KNUMA_AG;F;;     0067
;0QO94AN0HRWMLE3F1QUHYVTJ8IODHMNU;A; 0001;  101;    0;        0;KOKRS;KOKRS;F;;     0045
;0QO94AN0HRWMLE3F1QUHYVTJ8IODHMNU;A; 0001;  101;    0;        0;KOSTL;KOSTL;F;;     0130
;0QO94AN0HRWMLE3F1QUHYVTJ8IODHMNU;A; 0001;  101;    0;        0;KPEIN;KPEIN;F;;     0075
;0QO94AN0HRWMLE3F1QUHYVTJ8IODHMNU;A; 0001;  101;    0;        0;KTGRD;KTGRD;F;;     0154
;0QO94AN0HRWMLE3F1QUHYVTJ8IODHMNU;A; 0001;  101;    0;        0;KUNNR;KUNNR;F;;     0019
;0QO94AN0HRWMLE3F1QUHYVTJ8IODHMNU;A; 0001;  101;    0;        0;KURRF;KURRF;F;;     0166
;0QO94AN0HRWMLE3F1QUHYVTJ8IODHMNU;A; 0001;  101;    0;        0;KURSK;KURSK;F;;     0153
;0QO94AN0HRWMLE3F1QUHYVTJ8IODHMNU;A; 0001;  101;    0;        0;KURSK_DAT;KURSK_DAT;F;;     0156
;0QO94AN0HRWMLE3F1QUHYVTJ8IODHMNU;A; 0001;  101;    0;        0;KURST;KURST;F;;     0021
;0QO94AN0HRWMLE3F1QUHYVTJ8IODHMNU;A; 0001;  101;    0;        0;KVGR1;KVGR1;F;;     0023
;0QO94AN0HRWMLE3F1QUHYVTJ8IODHMNU;A; 0001;  101;    0;        0;KVGR2;KVGR2;F;;     0022
;0QO94AN0HRWMLE3F1QUHYVTJ8IODHMNU;A; 0001;  101;    0;        0;KVGR3;KVGR3;F;;     0024
;0QO94AN0HRWMLE3F1QUHYVTJ8IODHMNU;A; 0001;  101;    0;        0;KVGR4;KVGR4;F;;     0025
;0QO94AN0HRWMLE3F1QUHYVTJ8IODHMNU;A; 0001;  101;    0;        0;KVGR5;KVGR5;F;;     0027
;0QO94AN0HRWMLE3F1QUHYVTJ8IODHMNU;A; 0001;  101;    0;        0;KWMENG;KWMENG;F;;     0068
;0QO94AN0HRWMLE3F1QUHYVTJ8IODHMNU;A; 0001;  101;    0;        0;KZWI1;KZWI1;F;;     0069
;0QO94AN0HRWMLE3F1QUHYVTJ8IODHMNU;A; 0001;  101;    0;        0;KZWI2;KZWI2;F;;     0070
;0QO94AN0HRWMLE3F1QUHYVTJ8IODHMNU;A; 0001;  101;    0;        0;KZWI3;KZWI3;F;;     0071
;0QO94AN0HRWMLE3F1QUHYVTJ8IODHMNU;A; 0001;  101;    0;        0;KZWI4;KZWI4;F;;     0072
;0QO94AN0HRWMLE3F1QUHYVTJ8IODHMNU;A; 0001;  101;    0;        0;KZWI5;KZWI5;F;;     0073
;0QO94AN0HRWMLE3F1QUHYVTJ8IODHMNU;A; 0001;  101;    0;        0;KZWI6;KZWI6;F;;     0074
;0QO94AN0HRWMLE3F1QUHYVTJ8IODHMNU;A; 0001;  101;    0;        0;LFMNG;LFMNG;F;;     0076
;0QO94AN0HRWMLE3F1QUHYVTJ8IODHMNU;A; 0001;  101;    0;        0;LGORT;LGORT;F;;     0078
;0QO94AN0HRWMLE3F1QUHYVTJ8IODHMNU;A; 0001;  101;    0;        0;LIFSK;LIFSK;F;;     0026
;0QO94AN0HRWMLE3F1QUHYVTJ8IODHMNU;A; 0001;  101;    0;        0;LSMENG;LSMENG;F;;     0077
;0QO94AN0HRWMLE3F1QUHYVTJ8IODHMNU;A; 0001;  101;    0;        0;LSSTA;LSSTA;F;;     0011
;0QO94AN0HRWMLE3F1QUHYVTJ8IODHMNU;A; 0001;  101;    0;        0;MAHDT;MAHDT;F;;     0046
;0QO94AN0HRWMLE3F1QUHYVTJ8IODHMNU;A; 0001;  101;    0;        0;MATKL;MATKL;F;;     0080
;0QO94AN0HRWMLE3F1QUHYVTJ8IODHMNU;A; 0001;  101;    0;        0;MATNR;MATNR;F;;     0079
;0QO94AN0HRWMLE3F1QUHYVTJ8IODHMNU;A; 0001;  101;    0;        0;MATWA;MATWA;F;;     0082
;0QO94AN0HRWMLE3F1QUHYVTJ8IODHMNU;A; 0001;  101;    0;        0;MCEX_APCAMPAIGN;MCEX_APCAMPAIGN;F;;     0175
;0QO94AN0HRWMLE3F1QUHYVTJ8IODHMNU;A; 0001;  101;    0;        0;MEINS;MEINS;F;;     0081
;0QO94AN0HRWMLE3F1QUHYVTJ8IODHMNU;A; 0001;  101;    0;        0;MTVFP;MTVFP;F;;     0131
;0QO94AN0HRWMLE3F1QUHYVTJ8IODHMNU;A; 0001;  101;    0;        0;MVGR1;MVGR1;F;;     0083
;0QO94AN0HRWMLE3F1QUHYVTJ8IODHMNU;A; 0001;  101;    0;        0;MVGR2;MVGR2;F;;     0084
;0QO94AN0HRWMLE3F1QUHYVTJ8IODHMNU;A; 0001;  101;    0;        0;MVGR3;MVGR3;F;;     0085
;0QO94AN0HRWMLE3F1QUHYVTJ8IODHMNU;A; 0001;  101;    0;        0;MVGR4;MVGR4;F;;     0086
;0QO94AN0HRWMLE3F1QUHYVTJ8IODHMNU;A; 0001;  101;    0;        0;MVGR5;MVGR5;F;;     0087
;0QO94AN0HRWMLE3F1QUHYVTJ8IODHMNU;A; 0001;  101;    0;        0;MWSBP;MWSBP;F;;     0090
;0QO94AN0HRWMLE3F1QUHYVTJ8IODHMNU;A; 0001;  101;    0;        0;NETPR;NETPR;F;;     0088
;0QO94AN0HRWMLE3F1QUHYVTJ8IODHMNU;A; 0001;  101;    0;        0;NETWR;NETWR;F;;     0089
;0QO94AN0HRWMLE3F1QUHYVTJ8IODHMNU;A; 0001;  101;    0;        0;NTGEW;NTGEW;F;;     0091
;0QO94AN0HRWMLE3F1QUHYVTJ8IODHMNU;A; 0001;  101;    0;        0;PABLA;PABLA;F;;     0095
;0QO94AN0HRWMLE3F1QUHYVTJ8IODHMNU;A; 0001;  101;    0;        0;PCTRF;PCTRF;F;;     0132
;0QO94AN0HRWMLE3F1QUHYVTJ8IODHMNU;A; 0001;  101;    0;        0;PERIV;PERIV;F;;     0174
;0QO94AN0HRWMLE3F1QUHYVTJ8IODHMNU;A; 0001;  101;    0;        0;PKUNRE;PKUNRE;F;;     0092
;0QO94AN0HRWMLE3F1QUHYVTJ8IODHMNU;A; 0001;  101;    0;        0;PKUNRG;PKUNRG;F;;     0093
;0QO94AN0HRWMLE3F1QUHYVTJ8IODHMNU;A; 0001;  101;    0;        0;PKUNWE;PKUNWE;F;;     0094
;0QO94AN0HRWMLE3F1QUHYVTJ8IODHMNU;A; 0001;  101;    0;        0;PLAAG;PLAAG;F;;     0133
;0QO94AN0HRWMLE3F1QUHYVTJ8IODHMNU;A; 0001;  101;    0;        0;PLARE;PLARE;F;;     0134
;0QO94AN0HRWMLE3F1QUHYVTJ8IODHMNU;A; 0001;  101;    0;        0;PLAWE;PLAWE;F;;     0135
;0QO94AN0HRWMLE3F1QUHYVTJ8IODHMNU;A; 0001;  101;    0;        0;POSNR;POSNR;F;;     0006
;0QO94AN0HRWMLE3F1QUHYVTJ8IODHMNU;A; 0001;  101;    0;        0;PRCTR;PRCTR;F;;     0136
;0QO94AN0HRWMLE3F1QUHYVTJ8IODHMNU;A; 0001;  101;    0;        0;PRODH;PRODH;F;;     0098
;0QO94AN0HRWMLE3F1QUHYVTJ8IODHMNU;A; 0001;  101;    0;        0;PRSDT;PRSDT;F;;     0155
;0QO94AN0HRWMLE3F1QUHYVTJ8IODHMNU;A; 0001;  101;    0;        0;PSPDNR;PSPDNR;F;;     0096
;0QO94AN0HRWMLE3F1QUHYVTJ8IODHMNU;A; 0001;  101;    0;        0;PSTYV;PSTYV;F;;     0097
;0QO94AN0HRWMLE3F1QUHYVTJ8IODHMNU;A; 0001;  101;    0;        0;PS_POSID;PS_POSID;F;;     0172
;0QO94AN0HRWMLE3F1QUHYVTJ8IODHMNU;A; 0001;  101;    0;        0;PVRTNR;PVRTNR;F;;     0100
;0QO94AN0HRWMLE3F1QUHYVTJ8IODHMNU;A; 0001;  101;    0;        0;QMNUM;QMNUM;F;;     0047
;0QO94AN0HRWMLE3F1QUHYVTJ8IODHMNU;A; 0001;  101;    0;        0;RECORD;RECORD;F;;     0176
;0QO94AN0HRWMLE3F1QUHYVTJ8IODHMNU;A; 0001;  101;    0;        0;ROCANCEL;ROCANCEL;F;;     0001
;0QO94AN0HRWMLE3F1QUHYVTJ8IODHMNU;A; 0001;  101;    0;        0;ROUTE;ROUTE;F;;     0099
;0QO94AN0HRWMLE3F1QUHYVTJ8IODHMNU;A; 0001;  101;    0;        0;SHKZG;SHKZG;F;;     0137
;0QO94AN0HRWMLE3F1QUHYVTJ8IODHMNU;A; 0001;  101;    0;        0;SOBKZ;SOBKZ;F;;     0102
;0QO94AN0HRWMLE3F1QUHYVTJ8IODHMNU;A; 0001;  101;    0;        0;SPARA;SPARA;F;;     0167
;0QO94AN0HRWMLE3F1QUHYVTJ8IODHMNU;A; 0001;  101;    0;        0;SPART;SPART;F;;     0101
;0QO94AN0HRWMLE3F1QUHYVTJ8IODHMNU;A; 0001;  101;    0;        0;STADAT;STADAT;F;;     0103
;0QO94AN0HRWMLE3F1QUHYVTJ8IODHMNU;A; 0001;  101;    0;        0;STCUR;STCUR;F;;     0105
;0QO94AN0HRWMLE3F1QUHYVTJ8IODHMNU;A; 0001;  101;    0;        0;STWAE;STWAE;F;;     0051
;0QO94AN0HRWMLE3F1QUHYVTJ8IODHMNU;A; 0001;  101;    0;        0;SUGRD;SUGRD;F;;     0104
;0QO94AN0HRWMLE3F1QUHYVTJ8IODHMNU;A; 0001;  101;    0;        0;UEBTK;UEBTK;F;;     0106
;0QO94AN0HRWMLE3F1QUHYVTJ8IODHMNU;A; 0001;  101;    0;        0;UEBTO;UEBTO;F;;     0111
;0QO94AN0HRWMLE3F1QUHYVTJ8IODHMNU;A; 0001;  101;    0;        0;UEPOS;UEPOS;F;;     0138
;0QO94AN0HRWMLE3F1QUHYVTJ8IODHMNU;A; 0001;  101;    0;        0;UEPVW;UEPVW;F;;     0139
;0QO94AN0HRWMLE3F1QUHYVTJ8IODHMNU;A; 0001;  101;    0;        0;UMVKN;UMVKN;F;;     0107
;0QO94AN0HRWMLE3F1QUHYVTJ8IODHMNU;A; 0001;  101;    0;        0;UMVKZ;UMVKZ;F;;     0108
;0QO94AN0HRWMLE3F1QUHYVTJ8IODHMNU;A; 0001;  101;    0;        0;UMZIN;UMZIN;F;;     0109
;0QO94AN0HRWMLE3F1QUHYVTJ8IODHMNU;A; 0001;  101;    0;        0;UMZIZ;UMZIZ;F;;     0110
;0QO94AN0HRWMLE3F1QUHYVTJ8IODHMNU;A; 0001;  101;    0;        0;UNTTO;UNTTO;F;;     0113
;0QO94AN0HRWMLE3F1QUHYVTJ8IODHMNU;A; 0001;  101;    0;        0;UVALL;UVALL;F;;     0007
;0QO94AN0HRWMLE3F1QUHYVTJ8IODHMNU;A; 0001;  101;    0;        0;UVFAK;UVFAK;F;;     0008
;0QO94AN0HRWMLE3F1QUHYVTJ8IODHMNU;A; 0001;  101;    0;        0;UVPRS;UVPRS;F;;     0009
;0QO94AN0HRWMLE3F1QUHYVTJ8IODHMNU;A; 0001;  101;    0;        0;UVVLK;UVVLK;F;;     0010
;0QO94AN0HRWMLE3F1QUHYVTJ8IODHMNU;A; 0001;  101;    0;        0;VBELN;VBELN;F;;     0002
;0QO94AN0HRWMLE3F1QUHYVTJ8IODHMNU;A; 0001;  101;    0;        0;VBOBJ;VBOBJ;F;;     0004
;0QO94AN0HRWMLE3F1QUHYVTJ8IODHMNU;A; 0001;  101;    0;        0;VBTYP;VBTYP;F;;     0028
;0QO94AN0HRWMLE3F1QUHYVTJ8IODHMNU;A; 0001;  101;    0;        0;VDATU;VDATU;F;;     0112
;0QO94AN0HRWMLE3F1QUHYVTJ8IODHMNU;A; 0001;  101;    0;        0;VGBEL;VGBEL;F;;     0114
;0QO94AN0HRWMLE3F1QUHYVTJ8IODHMNU;A; 0001;  101;    0;        0;VGPOS;VGPOS;F;;     0115
;0QO94AN0HRWMLE3F1QUHYVTJ8IODHMNU;A; 0001;  101;    0;        0;VGTYP;VGTYP;F;;     0116
;0QO94AN0HRWMLE3F1QUHYVTJ8IODHMNU;A; 0001;  101;    0;        0;VGTYP_AK;VGTYP_AK;F;;     0168
;0QO94AN0HRWMLE3F1QUHYVTJ8IODHMNU;A; 0001;  101;    0;        0;VKBUR;VKBUR;F;;     0029
;0QO94AN0HRWMLE3F1QUHYVTJ8IODHMNU;A; 0001;  101;    0;        0;VKGRP;VKGRP;F;;     0030
;0QO94AN0HRWMLE3F1QUHYVTJ8IODHMNU;A; 0001;  101;    0;        0;VKORG;VKORG;F;;     0031
;0QO94AN0HRWMLE3F1QUHYVTJ8IODHMNU;A; 0001;  101;    0;        0;VOLEH;VOLEH;F;;     0117
;0QO94AN0HRWMLE3F1QUHYVTJ8IODHMNU;A; 0001;  101;    0;        0;VOLUM;VOLUM;F;;     0125
;0QO94AN0HRWMLE3F1QUHYVTJ8IODHMNU;A; 0001;  101;    0;        0;VRKME;VRKME;F;;     0118
;0QO94AN0HRWMLE3F1QUHYVTJ8IODHMNU;A; 0001;  101;    0;        0;VSBED;VSBED;F;;     0048
;0QO94AN0HRWMLE3F1QUHYVTJ8IODHMNU;A; 0001;  101;    0;        0;VSTEL;VSTEL;F;;     0119
;0QO94AN0HRWMLE3F1QUHYVTJ8IODHMNU;A; 0001;  101;    0;        0;VTWEG;VTWEG;F;;     0032
;0QO94AN0HRWMLE3F1QUHYVTJ8IODHMNU;A; 0001;  101;    0;        0;WAERK;WAERK;F;;     0120
;0QO94AN0HRWMLE3F1QUHYVTJ8IODHMNU;A; 0001;  101;    0;        0;WAERK_VBAK;WAERK_VBAK;F;;     0171
;0QO94AN0HRWMLE3F1QUHYVTJ8IODHMNU;A; 0001;  101;    0;        0;WAKTION;WAKTION;F;;     0157
;0QO94AN0HRWMLE3F1QUHYVTJ8IODHMNU;A; 0001;  101;    0;        0;WAVWR;WAVWR;F;;     0121
;0QO94AN0HRWMLE3F1QUHYVTJ8IODHMNU;A; 0001;  101;    0;        0;WERKS;WERKS;F;;     0122
;0QO94AN0HRWMLE3F1QUHYVTJ8IODHMNU;A; 0001;  101;    0;        0;WMINR;WMINR;F;;     0162
;0QO94AN0HRWMLE3F1QUHYVTJ8IODHMNU;A; 0001;  101;    0;        0;ZIEME;ZIEME;F;;     0123
;0QO94AN0HRWMLE3F1QUHYVTJ8IODHMNU;A; 0001;  101;    0;        0;ZMENG;ZMENG;F;;     0124
;0QO94AN0HRWMLE3F1QUHYVTJ8IODHMNU;A; 0001;  101;    0;        0;ZWERT;ZWERT;F;;     0146
;0QO94AN0HRWMLE3F1QUHYVTJ8IODHMNU;A; 0001;  101;    0;        0;ZZEDA;ZZEDA;F;;     0140
;0QO94AN0HRWMLE3F1QUHYVTJ8IODHMNU;A; 0001;  101;    0;        0;ZZIEDA;ZZIEDA;F;;     0141
;0QO94AN0HRWMLE3F1QUHYVTJ8IODHMNU;A; 0001;  101;    0;        0;ZZIMBD;ZZIMBD;F;;     0142
;0QO94AN0HRWMLE3F1QUHYVTJ8IODHMNU;A; 0001;  101;    0;        0;ZZIWAD;ZZIWAD;F;;     0143
;0QO94AN0HRWMLE3F1QUHYVTJ8IODHMNU;A; 0001;  101;    0;        0;ZZMBD;ZZMBD;F;;     0144
;0QO94AN0HRWMLE3F1QUHYVTJ8IODHMNU;A; 0001;  101;    0;        0;ZZWAD;ZZWAD;F;;     0145
;0QO94AN0HRWMLE3F1QUHYVTJ8IODHMNU;A; 0001;  102;    0;        0;PRSDT;PRSDT;F;;     0155
;0QO94AN0HRWMLE3F1QUHYVTJ8IODHMNU;A; 0001;  102;    0;        1;MBPRSDT;MBPRSDT;I;;     0114
;0QO94AN0HRWMLE3F1QUHYVTJ8IODHMNU;A; 0001;  103;    0;        0;IHREZ;IHREZ;F;;     0164
;0QO94AN0HRWMLE3F1QUHYVTJ8IODHMNU;A; 0001;  103;    0;        1;MBIHREZ;MBIHREZ;I;;     0078
;0QO94AN0HRWMLE3F1QUHYVTJ8IODHMNU;A; 0001;  104;    0;        0;IHREZ_E;IHREZ_E;F;;     0165
;0QO94AN0HRWMLE3F1QUHYVTJ8IODHMNU;A; 0001;  104;    0;        1;MBIHREZE;MBIHREZE;I;;     0079
;0QO94AN0HRWMLE3F1QUHYVTJ8IODHMNU;A; 0001;  105;    0;        0;CMGST;CMGST;F;;     0003
;0QO94AN0HRWMLE3F1QUHYVTJ8IODHMNU;A; 0001;  105;    0;        1;MBCMGST;MBCMGST;I;;     0080
;0QO94AN0HRWMLE3F1QUHYVTJ8IODHMNU;A; 0001;  106;    0;        0;VBOBJ;VBOBJ;F;;     0004
;0QO94AN0HRWMLE3F1QUHYVTJ8IODHMNU;A; 0001;  106;    0;        1;MBVBOBJ;MBVBOBJ;I;;     0081
;0QO94AN0HRWMLE3F1QUHYVTJ8IODHMNU;A; 0001;  107;    0;        0;LSSTA;LSSTA;F;;     0011
;0QO94AN0HRWMLE3F1QUHYVTJ8IODHMNU;A; 0001;  107;    0;        1;MBLSSTA;MBLSSTA;I;;     0082
;0QO94AN0HRWMLE3F1QUHYVTJ8IODHMNU;A; 0001;  108;    0;        0;UVALL;UVALL;F;;     0007
;0QO94AN0HRWMLE3F1QUHYVTJ8IODHMNU;A; 0001;  108;    0;        1;MBUVALL;MBUVALL;I;;     0083
;0QO94AN0HRWMLE3F1QUHYVTJ8IODHMNU;A; 0001;  109;    0;        0;KURRF;KURRF;F;;     0166
;0QO94AN0HRWMLE3F1QUHYVTJ8IODHMNU;A; 0001;  109;    0;        1;0EXRATE_ACC;0EXRATE_ACC;I;;     0094
;0QO94AN0HRWMLE3F1QUHYVTJ8IODHMNU;A; 0001;  110;    0;        0;UVFAK;UVFAK;F;;     0008
;0QO94AN0HRWMLE3F1QUHYVTJ8IODHMNU;A; 0001;  110;    0;        1;MBSTABILL;MBSTABILL;I;;     0112
;0QO94AN0HRWMLE3F1QUHYVTJ8IODHMNU;A; 0001;  111;    0;        0;ABSTA;ABSTA;F;;     0005
;0QO94AN0HRWMLE3F1QUHYVTJ8IODHMNU;A; 0001;  111;    0;        1;MBABSTA;MBABSTA;I;;     0115
;0QO94AN0HRWMLE3F1QUHYVTJ8IODHMNU;A; 0001;  112;    0;        0;VGBEL;VGBEL;F;;     0114
;0QO94AN0HRWMLE3F1QUHYVTJ8IODHMNU;A; 0001;  112;    0;        1;MBREFDOC;MBREFDOC;I;;     0116
;0QO94AN0HRWMLE3F1QUHYVTJ8IODHMNU;A; 0001;  113;    0;        0;VGPOS;VGPOS;F;;     0115
;0QO94AN0HRWMLE3F1QUHYVTJ8IODHMNU;A; 0001;  113;    0;        1;MBREFITM;MBREFITM;I;;     0117
;0QO94AN0HRWMLE3F1QUHYVTJ8IODHMNU;A; 0001;  114;    0;        0;RFSTA;RFSTA;F;;     0177
;0QO94AN0HRWMLE3F1QUHYVTJ8IODHMNU;A; 0001;  114;    0;        1;MBRFSTA;MBRFSTA;I;;     0118
;0QO94AN0HRWMLE3F1QUHYVTJ8IODHMNU;A; 0001;  116;    0;        0;ANGDT;ANGDT;F;;     0015
;0QO94AN0HRWMLE3F1QUHYVTJ8IODHMNU;A; 0001;  116;    0;        1;0DATEFROM;0DATEFROM;I;;     0120
;0QO94AN0HRWMLE3F1QUHYVTJ8IODHMNU;A; 0001;  117;    0;        0;BNDDT;BNDDT;F;;     0018
;0QO94AN0HRWMLE3F1QUHYVTJ8IODHMNU;A; 0001;  117;    0;        1;0DATETO;0DATETO;I;;     0121
;0QO94AN0HRWMLE3F1QUHYVTJ8IODHMNU;A; 0001;  118;    0;        0;KVGR1;KVGR1;F;;     0023
;0QO94AN0HRWMLE3F1QUHYVTJ8IODHMNU;A; 0001;  118;    0;        1;MECUGRP1;MECUGRP1;I;;     0122
;0QO94AN0HRWMLE3F1QUHYVTJ8IODHMNU;A; 0001;  119;    0;        0;KVGR3;KVGR3;F;;     0024
;0QO94AN0HRWMLE3F1QUHYVTJ8IODHMNU;A; 0001;  119;    0;        1;MECUGRP3;MECUGRP3;I;;     0123
;0QO94AN0HRWMLE3F1QUHYVTJ8IODHMNU;A; 0001;  120;    0;        0;KVGR4;KVGR4;F;;     0025
;0QO94AN0HRWMLE3F1QUHYVTJ8IODHMNU;A; 0001;  120;    0;        1;MECUGRP4;MECUGRP4;I;;     0124
;0QO94AN0HRWMLE3F1QUHYVTJ8IODHMNU;A; 0001;  121;    0;        0;KVGR5;KVGR5;F;;     0027
;0QO94AN0HRWMLE3F1QUHYVTJ8IODHMNU;A; 0001;  121;    0;        1;MECUGRP5;MECUGRP5;I;;     0125
;0QO94AN0HRWMLE3F1QUHYVTJ8IODHMNU;A; 0001;  122;    0;        0;BRGEW;BRGEW;F;;     0053
;0QO94AN0HRWMLE3F1QUHYVTJ8IODHMNU;A; 0001;  122;    0;        1;0GROSS_WT;0GROSS_WT;I;;     0126
;0QO94AN0HRWMLE3F1QUHYVTJ8IODHMNU;A; 0001;  123;    0;        0;CHARG;CHARG;F;;     0056
;0QO94AN0HRWMLE3F1QUHYVTJ8IODHMNU;A; 0001;  123;    0;        1;MEBATCH;MEBATCH;I;;     0127
;0QO94AN0HRWMLE3F1QUHYVTJ8IODHMNU;A; 0001;  124;    0;        0;EAN11;EAN11;F;;     0059
;0QO94AN0HRWMLE3F1QUHYVTJ8IODHMNU;A; 0001;  124;    0;        1;MEEANUPC;MEEANUPC;I;;     0128
;0QO94AN0HRWMLE3F1QUHYVTJ8IODHMNU;A; 0001;  125;    0;        0;ERNAM;ERNAM;F;;     0060
;0QO94AN0HRWMLE3F1QUHYVTJ8IODHMNU;A; 0001;  125;    0;        1;0CREATEDBY;0CREATEDBY;I;;     0129
;0QO94AN0HRWMLE3F1QUHYVTJ8IODHMNU;A; 0001;  126;    0;        0;GEWEI;GEWEI;F;;     0065
;0QO94AN0HRWMLE3F1QUHYVTJ8IODHMNU;A; 0001;  126;    0;        1;0UNIT_OF_WT;0UNIT_OF_WT;I;;     0130
;0QO94AN0HRWMLE3F1QUHYVTJ8IODHMNU;A; 0001;  127;    0;        0;KMEIN;KMEIN;F;;     0066
;0QO94AN0HRWMLE3F1QUHYVTJ8IODHMNU;A; 0001;  127;    0;        1;0UNIT;0UNIT;I;;     0131
;0QO94AN0HRWMLE3F1QUHYVTJ8IODHMNU;A; 0001;  128;    0;        0;KNUMA_AG;KNUMA_AG;F;;     0067
;0QO94AN0HRWMLE3F1QUHYVTJ8IODHMNU;A; 0001;  128;    0;        1;MBSALDEAL;MBSALDEAL;I;;     0132
;0QO94AN0HRWMLE3F1QUHYVTJ8IODHMNU;A; 0001;  129;    0;        0;LFMNG;LFMNG;F;;     0076
;0QO94AN0HRWMLE3F1QUHYVTJ8IODHMNU;A; 0001;  129;    0;        1;MBLFMNG;MBLFMNG;I;;     0133
;0QO94AN0HRWMLE3F1QUHYVTJ8IODHMNU;A; 0001;  130;    0;        0;LGORT;LGORT;F;;     0078
;0QO94AN0HRWMLE3F1QUHYVTJ8IODHMNU;A; 0001;  130;    0;        1;MESTORLOC;MESTORLOC;I;;     0134
;0QO94AN0HRWMLE3F1QUHYVTJ8IODHMNU;A; 0001;  131;    0;        0;MATKL;MATKL;F;;     0080
;0QO94AN0HRWMLE3F1QUHYVTJ8IODHMNU;A; 0001;  131;    0;        1;MEMATL_GR;MEMATL_GR;I;;     0135
;0QO94AN0HRWMLE3F1QUHYVTJ8IODHMNU;A; 0001;  132;    0;        0;MATWA;MATWA;F;;     0082
;0QO94AN0HRWMLE3F1QUHYVTJ8IODHMNU;A; 0001;  132;    0;        1;MBMATWA;MBMATWA;I;;     0136
;0QO94AN0HRWMLE3F1QUHYVTJ8IODHMNU;A; 0001;  133;    0;        0;MVGR1;MVGR1;F;;     0083
;0QO94AN0HRWMLE3F1QUHYVTJ8IODHMNU;A; 0001;  133;    0;        1;MEMVGR1;MEMVGR1;I;;     0137
;0QO94AN0HRWMLE3F1QUHYVTJ8IODHMNU;A; 0001;  134;    0;        0;MVGR2;MVGR2;F;;     0084
;0QO94AN0HRWMLE3F1QUHYVTJ8IODHMNU;A; 0001;  134;    0;        1;MEMVGR2;MEMVGR2;I;;     0138
;0QO94AN0HRWMLE3F1QUHYVTJ8IODHMNU;A; 0001;  135;    0;        0;MVGR3;MVGR3;F;;     0085
;0QO94AN0HRWMLE3F1QUHYVTJ8IODHMNU;A; 0001;  135;    0;        1;MEMVGR3;MEMVGR3;I;;     0139
;0QO94AN0HRWMLE3F1QUHYVTJ8IODHMNU;A; 0001;  136;    0;        0;MVGR4;MVGR4;F;;     0086
;0QO94AN0HRWMLE3F1QUHYVTJ8IODHMNU;A; 0001;  136;    0;        1;MEMVGR4;MEMVGR4;I;;     0140
;0QO94AN0HRWMLE3F1QUHYVTJ8IODHMNU;A; 0001;  137;    0;        0;MVGR5;MVGR5;F;;     0087
;0QO94AN0HRWMLE3F1QUHYVTJ8IODHMNU;A; 0001;  137;    0;        1;MEMVGR5;MEMVGR5;I;;     0141
;0QO94AN0HRWMLE3F1QUHYVTJ8IODHMNU;A; 0001;  138;    0;        0;NTGEW;NTGEW;F;;     0091
;0QO94AN0HRWMLE3F1QUHYVTJ8IODHMNU;A; 0001;  138;    0;        1;0NET_WGT_DL;0NET_WGT_DL;I;;     0142
;0QO94AN0HRWMLE3F1QUHYVTJ8IODHMNU;A; 0001;  139;    0;        0;PABLA;PABLA;F;;     0095
;0QO94AN0HRWMLE3F1QUHYVTJ8IODHMNU;A; 0001;  139;    0;        1;MBUNLOAD;MBUNLOAD;I;;     0143
;0QO94AN0HRWMLE3F1QUHYVTJ8IODHMNU;A; 0001;  140;    0;        0;PRODH;PRODH;F;;     0098
;0QO94AN0HRWMLE3F1QUHYVTJ8IODHMNU;A; 0001;  140;    0;        1;MEPRODH;MEPRODH;I;;     0144
;0QO94AN0HRWMLE3F1QUHYVTJ8IODHMNU;A; 0001;  141;    0;        0;PVRTNR;PVRTNR;F;;     0100
;0QO94AN0HRWMLE3F1QUHYVTJ8IODHMNU;A; 0001;  141;    0;        1;MBPVRTNR;MBPVRTNR;I;;     0145
;0QO94AN0HRWMLE3F1QUHYVTJ8IODHMNU;A; 0001;  142;    0;        0;VOLEH;VOLEH;F;;     0117
;0QO94AN0HRWMLE3F1QUHYVTJ8IODHMNU;A; 0001;  142;    0;        1;0VOLUMEUNIT;0VOLUMEUNIT;I;;     0146
;0QO94AN0HRWMLE3F1QUHYVTJ8IODHMNU;A; 0001;  143;    0;        0;VOLUM;VOLUM;F;;     0125
;0QO94AN0HRWMLE3F1QUHYVTJ8IODHMNU;A; 0001;  143;    0;        1;0VOLUME;0VOLUME;I;;     0147
;0QO94AN0HRWMLE3F1QUHYVTJ8IODHMNU;A; 0001;  144;    0;        0;BZIRK;BZIRK;F;;     0147
;0QO94AN0HRWMLE3F1QUHYVTJ8IODHMNU;A; 0001;  144;    0;        1;0SALES_DIST;0SALES_DIST;I;;     0148
;0QO94AN0HRWMLE3F1QUHYVTJ8IODHMNU;A; 0001;  145;    0;        0;FKDAT;FKDAT;F;;     0149
;0QO94AN0HRWMLE3F1QUHYVTJ8IODHMNU;A; 0001;  145;    0;        1;MBFKDAT;MBFKDAT;I;;     0149
;0QO94AN0HRWMLE3F1QUHYVTJ8IODHMNU;A; 0001;  146;    0;        0;INCO1;INCO1;F;;     0150
;0QO94AN0HRWMLE3F1QUHYVTJ8IODHMNU;A; 0001;  146;    0;        1;MBINCO1;MBINCO1;I;;     0150
;0QO94AN0HRWMLE3F1QUHYVTJ8IODHMNU;A; 0001;  147;    0;        0;INCO2;INCO2;F;;     0151
;0QO94AN0HRWMLE3F1QUHYVTJ8IODHMNU;A; 0001;  147;    0;        1;MBINCO2;MBINCO2;I;;     0151
;0QO94AN0HRWMLE3F1QUHYVTJ8IODHMNU;A; 0001;  148;    0;        0;WAKTION;WAKTION;F;;     0157
;0QO94AN0HRWMLE3F1QUHYVTJ8IODHMNU;A; 0001;  148;    0;        1;MBPROMO;MBPROMO;I;;     0152
;0QO94AN0HRWMLE3F1QUHYVTJ8IODHMNU;A; 0001;  149;    0;        0;WMINR;WMINR;F;;     0162
;0QO94AN0HRWMLE3F1QUHYVTJ8IODHMNU;A; 0001;  149;    0;        1;MBWMINR;MBWMINR;I;;     0153
;0QO94AN0HRWMLE3F1QUHYVTJ8IODHMNU;A; 0001;  150;    0;        0;BSTKD_E;BSTKD_E;F;;     0163
;0QO94AN0HRWMLE3F1QUHYVTJ8IODHMNU;A; 0001;  150;    0;        1;MBBSTKDE;MBBSTKDE;I;;     0154
;0QO94AN0HRWMLE3F1QUHYVTJ8IODHMNU;A; 0001;  151;    0;        0;BSTKD_M;BSTKD_M;F;;     0169
;0QO94AN0HRWMLE3F1QUHYVTJ8IODHMNU;A; 0001;  151;    0;        1;MBBSTKDM;MBBSTKDM;I;;     0155
;0QO94AN0HRWMLE3F1QUHYVTJ8IODHMNU;A; 0001;  152;    0;        0;MCEX_APCAMPAIGN;MCEX_APCAMPAIGN;F;;     0175
;0QO94AN0HRWMLE3F1QUHYVTJ8IODHMNU;A; 0001;  152;    0;        1;MBCAMPAIG;MBCAMPAIG;I;;     0156
;0QO94AN0HRWMLE3F1QUHYVTJ8IODHMNU;A; 0001;  153;    0;        0;LPRIO;LPRIO;F;;     0178
;0QO94AN0HRWMLE3F1QUHYVTJ8IODHMNU;A; 0001;  153;    0;        1;MBDELPRIO;MBDELPRIO;I;;     0157
;0QO94AN0HRWMLE3F1QUHYVTJ8IODHMNU;A; 0001;  155;    0;        0;ROCANCEL;ROCANCEL;F;;     0001
;0QO94AN0HRWMLE3F1QUHYVTJ8IODHMNU;A; 0001;  155;    0;        1;MBCANIND;MBCANIND;I;;     0159
;0QO94AN0HRWMLE3F1QUHYVTJ8IODHMNU;A; 0001;  156;    0;        0;BSARK;BSARK;F;;     0181
;0QO94AN0HRWMLE3F1QUHYVTJ8IODHMNU;A; 0001;  156;    0;        1;MBBSARK;MBBSARK;I;;     0160
;0QO94AN0HRWMLE3F1QUHYVTJ8IODHMNU;A; 0001;  157;    0;        0;KDMAT;KDMAT;F;;     0180
;0QO94AN0HRWMLE3F1QUHYVTJ8IODHMNU;A; 0001;  157;    0;        1;MBKDMAT;MBKDMAT;I;;     0161
;0QO94AN0HRWMLE3F1QUHYVTJ8IODHMNU;A; 0001;  158;    0;        0;KDGRP;KDGRP;F;;     0152
;0QO94AN0HRWMLE3F1QUHYVTJ8IODHMNU;A; 0001;  158;    0;        1;MBKDGRP;MBKDGRP;I;;     0162
;0QO94AN0HRWMLE3F1QUHYVTJ8IODHMNU;A; 0001;  159;    0;        0;VKAUS;VKAUS;F;;     0182
;0QO94AN0HRWMLE3F1QUHYVTJ8IODHMNU;A; 0001;  159;    0;        1;MBUSAGE;MBUSAGE;I;;     0163